Reaction	Pvalue	Padj	Reject	FC
R01195__chlo	0.0	0.0	True	0.0035910619719897617
R00357__mito	0.0	0.0	True	0.07379052761862274
R04957__cytop	0.0	0.0	True	0.2786776763414145
R04966__chlo	0.0	0.0	True	0.17114628216635316
BMGR3294__lip	0.0	0.0	True	-0.2869040041903102
EX_e_Biomass__dra	0.0	0.0	True	0.1396607306400873
BMGR1230__ermem	0.0	0.0	True	-0.2427482925706423
T_Pitr__ermem	0.0	0.0	True	-0.1729580100615026
TO3001162t__plas	0.0	0.0	True	-0.2424426703895591
T_Sulfite__chlomem	0.0	0.0	True	0.140022022292634
ETBCAROPSI__chlo	0.0	0.0	True	0.03133406990780395
T_INOSTtr__ermem	0.0	0.0	True	0.13624202483613657
R00066__chlo	0.0	0.0	True	0.14249807203450374
BMGR0611__chlo	0.0	0.0	True	0.0
R08210__chlo	0.0	0.0	True	0.4315107351291092
TI3000022t__plas	0.0	0.0	True	-0.9064313462060977
BMGR4785__ermem	0.0	0.0	True	-0.10795794842049578
R12170__er	0.0	0.0	True	0.13821015182223476
TR0000020tm__mitmem	0.0	0.0	True	0.442316621085207
RXN_11878__er	0.0	0.0	True	0.1452732714885769
PKS_C184__cytop	0.0	0.0	True	0.7207756992277322
BMGR6375__er	0.0	0.0	True	0.2031763856581374
BMGR3125__er	0.0	0.0	True	0.0
R00570__mito	0.0	0.0	True	-0.3289997108429505
BMGR3276__lip	0.0	0.0	True	0.945997631146175
T_PC160161tg__golmem	0.0	0.0	True	-0.25718355991119995
DGHSS_170_205__er	0.0	0.0	True	0.0
R01220__mito	0.0	0.0	True	0.4522309857043395
T_CTPtr__ermem	0.0	0.0	True	0.1388454178091445
R06947__chlo	0.0	0.0	True	-0.25932678979998264
R01135__cytop	0.0	0.0	True	0.9695204541824876
R02999__cytop	0.0	0.0	True	0.013993104846887143
MGDGS_161_140__chlo	0.0	0.0	True	0.10386241458864577
R00702__er	0.0	0.0	True	0.14026609178251226
BMGR0445__chlo	0.0	0.0	True	0.14933203526421127
e_DGDG__chlo	0.0	0.0	True	0.1381194946433298
R08163__cytop	0.0	0.0	True	-0.043278728165714805
R03084__chlo	0.0	0.0	True	0.13996864820283858
RXN0_7248__chlo	0.0	0.0	True	0.7921547210377007
R01384__cytop	0.0	0.0	True	0.16719028119559187
PKS_C123__cytop	0.0	0.0	True	0.0480130678139648
T_PC161183tr__ermem	0.0	0.0	True	-0.18349152769178098
R00158__cytop	0.0	0.0	True	-0.16547263961857173
T_PE160160tg__golmem	0.0	0.0	True	-0.24743680033093746
R04428__mito	0.0	0.0	True	1.0
BMGR7091__chlo	0.0	0.0	True	0.13736529329807504
BMGR6334__er	0.0	0.0	True	0.1692829372387386
DGDGS_205_205__chlo	0.0	0.0	True	0.13528855250709548
BMGR0036__er	0.0	0.0	True	-0.5822838670488257
R08772__mito	0.0	0.0	True	0.3331111481419764
BMGR6002__nucl	0.0	0.0	True	-0.11005476673600008
R01090__chlo	0.0	0.0	True	1.0
BMGR4803__ermem	0.0	0.0	True	0.09179686276155151
BMGR0211__chlo	0.0	0.0	True	0.0
R00996__chlo	0.0	0.0	True	-0.06278652549253683
R04559__cytop	0.0	0.0	True	0.1405546004154987
R00188__cytop	0.0	0.0	True	-0.1908994258210833
T_10FTHFtm__mitmem	0.0	0.0	True	0.4522309857043395
BMGR1545__er	0.0	0.0	True	-0.14571484842172444
R00316__chlo	0.0	0.0	True	0.08998170660333515
R07484__er	0.0	0.0	True	0.1331016769904821
MGDGS_162_163__chlo	0.0	0.0	True	0.15662245214474602
R00192__cytop	0.0	0.0	True	0.13987683336913936
BMGR0101__chlo	0.0	0.0	True	1.0
BMGR4723__ermem	0.0	0.0	True	-0.23563196753848228
DGDGS_163_163__chlo	0.0	0.0	True	0.05741778576715659
RXN_14486__er	0.0	0.0	True	0.10879447410423729
R01138__mito	0.0	0.0	True	1.0
BMGR3355__chlo	0.0	0.0	True	0.0
R00335__cytop	0.0	0.0	True	-0.29599778932672877
SQDGS_183_160__chlo	0.0	0.0	True	0.14331446864460048
R07263__pero	0.0	0.0	True	0.2188128124844351
R08705__cytop	0.0	0.0	True	0.13649501019906288
T_DHNAth__chlomem	0.0	0.0	True	0.1961722488038277
BMGR4873__chlomem	0.0	0.0	True	0.134599615267585
BMGR6159__er	0.0	0.0	True	0.0887707604389035
BMGR5558__ermem	0.0	0.0	True	-0.24654436114876616
T_ABCFACOA204th__chlomem	0.0	0.0	True	0.14272528993907277
R03458__chlo	0.0	0.0	True	0.14249807203450374
MGDGS_205_160__chlo	0.0	0.0	True	0.13612212137506036
R00722__mito	0.0	0.0	True	-0.4705238505932239
R00160__chlo	0.0	0.0	True	-0.24975603397463517
R01218__cytop	0.0	0.0	True	0.5969472306036915
RXN_14386__chlo	0.0	0.0	True	0.016505061515094233
EX_C00244__dra	0.0	0.0	True	0.12268546693677479
TI2903793tm__mitmem	0.0	0.0	True	-0.2889359604206405
R00894__chlo	0.0	0.0	True	0.12576164811505317
R01717__cytop	0.0	0.0	True	0.1961722488038277
BMGR1335__er	0.0	0.0	True	0.12849409985668134
R02094__mito	0.0	0.0	True	-0.16607911197537936
R00275__chlo	0.0	0.0	True	0.07766441688416789
BMGR0119__er	0.0	0.0	True	-0.4631875821296416
R04725__chlo	0.0	0.0	True	0.18171603556549584
DGTSS_205_205__er	0.0	0.0	True	0.13773367122799984
BMGR3608__er	0.0	0.0	True	0.024538440472107844
T_FA180th__chlomem	0.0	0.0	True	-0.1330323935920082
R02024__cytop	0.0	0.0	True	1.0
RXN_16380__pero	0.0	0.0	True	1.0
R05046__cytop	0.0	0.0	True	0.1706746012389638
BMGR0284__ermem	0.0	0.0	True	-0.1384870989881779
R01456__er	0.0	0.0	True	1.0
R04231__mito	0.0	0.0	True	0.11183998398950432
BMGR6150__ermem	0.0	0.0	True	-0.22192276268435798
RXN_4221__er	0.0	0.0	True	0.13628472770199043
BMGR4730__ermem	0.0	0.0	True	0.19573546581664483
BMGR1555__er	0.0	0.0	True	0.4165392344087957
R03509__chlo	0.0	0.0	True	0.1407027889216493
T_CMPth__chlomem	0.0	0.0	True	-0.21505420371210154
BMGR1554__er	0.0	0.0	True	0.0711711272678933
BMGR6271__chlo	0.0	0.0	True	0.15261226763656852
EX_C00080__dra	0.0	0.0	True	2.4314104916343076
DGHSS_204_205__er	0.0	0.0	True	0.13076762159992325
R00578__cytop	0.0	0.0	True	-0.43042802918551726
BMGR6389__er	0.0	0.0	True	0.007708973648410373
R12399__er	0.0	0.0	True	0.1331016769904821
R00275__cytop	0.0	0.0	True	-0.23998637997678104
T_PPCOAth__chlomem	0.0	0.0	True	-0.041036466633556264
e_RNA__cytop	0.0	0.0	True	0.13923432603439773
R00959__chlo	0.0	0.0	True	0.1399371666633735
R01071__cytop	0.0	0.0	True	0.14012433463056395
BMGR6265__chlo	0.0	0.0	True	0.29491744901262545
BMGR4743__ermem	0.0	0.0	True	-0.28602989224915143
BMGR0049__er	0.0	0.0	True	1.0
MGDGS_183_161__chlo	0.0	0.0	True	0.1410502168569426
BMGR6103__er	0.0	0.0	True	-0.07296167481900141
BMGR5553__er	0.0	0.0	True	-0.35645454556513845
R06982__cytop	0.0	0.0	True	0.3160327014097936
R06869__cytop	0.0	0.0	True	0.13954520476288712
T_SOXtu__chlomem	0.0	0.0	True	-0.09944137063932874
R12377__er	0.0	0.0	True	0.1331016769904821
T_PC162182tr__ermem	0.0	0.0	True	0.16831528935275336
BMGR1534__er	0.0	0.0	True	-0.895001496157155
BMGR6685__chlo	0.0	0.0	True	-0.027640117670157345
R01056__chlo	0.0	0.0	True	0.09908979232016478
BMGR5555__er	0.0	0.0	True	-0.33547620710143566
T_FORtr__ermem	0.0	0.0	True	0.14026609178251226
R00515__chlo	0.0	0.0	True	-0.2632969064952583
RXN_11881__er	0.0	0.0	True	0.1452732714885769
R01286__cytop	0.0	0.0	True	0.13980382159151847
BMGR6388__er	0.0	0.0	True	0.15396820817586482
R01195__mito	0.0	0.0	True	-1.0
R01466__chlo	0.0	0.0	True	-0.14429086834009572
MGDGS_182_160__chlo	0.0	0.0	True	0.12940751281877544
BMGR4780__ermem	0.0	0.0	True	1.3169831310237519
BMGR4062__ermem	0.0	0.0	True	-0.21641366385612062
R04743__mito	0.0	0.0	True	0.7006627173506691
BMGR6157__er	0.0	0.0	True	0.0894715323020883
R05069__chlo	0.0	0.0	True	-0.06278652549253683
R04621__cytop	0.0	0.0	True	0.1706746012389638
T_H2Otn__nucmem	0.0	0.0	True	-0.1310495479531158
BMGR6147__ermem	0.0	0.0	True	0.0894715323020883
BMGR0161__er	0.0	0.0	True	-0.7652651899896455
DGDGS_161_160__chlo	0.0	0.0	True	0.15044349596769574
R03845_hn450__chlo	0.0	0.0	True	0.28368380826805467
PHOA673__chlo	0.0	0.0	True	0.0019923011222064083
R07764__chlo	0.0	0.0	True	0.09090042490631588
RXN_14389__mito	0.0	0.0	True	1.0
R00509__cytop	0.0	0.0	True	0.5058881427298064
R00408__chlo	0.0	0.0	True	-0.24607501049605568
R04969__cytop	0.0	0.0	True	0.3580503701264918
R12621__cytop	0.0	0.0	True	0.13700535529522354
R01513__chlo	0.0	0.0	True	0.06208990027847358
R00945__mito	0.0	0.0	True	0.1693648744458213
BMGR5657__er	0.0	0.0	True	0.4996170855675248
T_FACOA205tr__ermem	0.0	0.0	True	0.14506664432965632
R03276__mito	0.0	0.0	True	0.061536448993911676
T_IPDPth__chlomem	0.0	0.0	True	0.1322405496513214
R02291__chlo	0.0	0.0	True	-0.0013500406867077764
R02098__cytop	0.0	0.0	True	-0.3067332034588616
BMGR4759__ermem	0.0	0.0	True	0.0894715323020883
R02731__cytop	0.0	0.0	True	-0.2606872536800224
R07459__cytop	0.0	0.0	True	0.13383826930926576
R06447__er	0.0	0.0	True	0.0
BMGR4872__chlomem	0.0	0.0	True	-1.382406626112561
RXN_14391__chlo	0.0	0.0	True	0.016505061515094233
R00256__cytop	0.0	0.0	True	-0.3194860326246329
R12570__cytop	0.0	0.0	True	-0.3525697873952357
BMGR5929__chlo	0.0	0.0	True	0.1518216058696831
R02739__cytop	0.0	0.0	True	-0.8054016700519977
BMGR3355__er	0.0	0.0	True	0.005553006468558516
R04957__mito	0.0	0.0	True	1.0
TI2903796tm__mitmem	0.0	0.0	True	-1.2545491315580268
T_ABCFACOA163th__chlomem	0.0	0.0	True	0.08862935633059509
R00485__cytop	0.0	0.0	True	-0.2914576422308244
R01086__cytop	0.0	0.0	True	0.1399656866915234
DGTSS_160_204__er	0.0	0.0	True	0.19777214381250866
R00548__chlo	0.0	0.0	True	1.0
R01776__mito	0.0	0.0	True	0.13980382159151847
BMGR0157__chlo	0.0	0.0	True	0.6426215361538706
SQDGS_140_160__chlo	0.0	0.0	True	0.11725601921680331
T_FA160tr__ermem	0.0	0.0	True	-0.11287612976862417
BMGR1180__ermem	0.0	0.0	True	-0.3344149736430778
R04994__chlo	0.0	0.0	True	0.1961722488038277
T_NADtr__ermem	0.0	0.0	True	0.24829612713670235
R00425__chlo	0.0	0.0	True	0.14249807203450374
R01061__chlo	0.0	0.0	True	0.19104352509190867
BMGR6307__er	0.0	0.0	True	0.15035085701138845
R03663__cytop	0.0	0.0	True	0.1393495216927755
BMGR6387__er	0.0	0.0	True	0.15396820817586482
T_PC161160tg__golmem	0.0	0.0	True	-0.18789156600903148
T_PC161180tg__golmem	0.0	0.0	True	-0.2427482925706423
BMGR6309__er	0.0	0.0	True	0.15035085701138845
BMGR1295__er	0.0	0.0	True	0.176650546554179
R07507__er	0.0	0.0	True	-0.0665514601300037
SQDGS_161_162__chlo	0.0	0.0	True	0.0
e_DGTS__er	0.0	0.0	True	0.14127735413562412
SQDGS_204_182__chlo	0.0	0.0	True	0.15050967578637353
R07059__cytop	0.0	0.0	True	0.28590912987007094
R00746__cytop	0.0	0.0	True	-0.3491130633937146
BMGR4765__ermem	0.0	0.0	True	-0.28656534605770323
R04746__mito	0.0	0.0	True	0.7006627173506691
R00768__cytop	0.0	0.0	True	0.1327914814080596
BMGR4890__chlomem	0.0	0.0	True	-1.012258048991373
BMGR1036__er	0.0	0.0	True	0.14415166874520913
R00351__pero	0.0	0.0	True	1.0
BMGR3419__er	0.0	0.0	True	0.999235516494596
R00571__mito	0.0	0.0	True	0.1110913139249846
R04952__cytop	0.0	0.0	True	0.28900603433407285
e_PG__chlo	0.0	0.0	True	0.14144175508084286
R04956__chlo	0.0	0.0	True	-0.18255768650712073
R00217__cytop	0.0	0.0	True	0.12761562775162413
BMGR4922__chlomem	0.0	0.0	True	-1.4613113633359296
R04544__cytop	0.0	0.0	True	0.2786776763414145
RXN_12777__er	0.0	0.0	True	-0.20006401543734442
T_PE203205__ermem	0.0	0.0	True	0.15396820817586482
R03243__cytop	0.0	0.0	True	0.14012433463056395
MGDGS_140_161__chlo	0.0	0.0	True	0.0
BMGR5348__er	0.0	0.0	True	-0.4631875821296416
R04800__chlo	0.0	0.0	True	0.13180771457550658
BMGR6372__er	0.0	0.0	True	0.009081735620585348
BMGR4169__chlo	0.0	0.0	True	-0.31924797580237024
R01641__chlo	0.0	0.0	True	0.09915796399645913
BMGR6368__er	0.0	0.0	True	0.009081735620585282
BMGR0042__er	0.0	0.0	True	-0.4099741881339443
DM_C00407__cytop	0.0	0.0	True	-0.44586697094667915
TZ3100001t__plas	0.0	0.0	True	1.0
R12570__chlo	0.0	0.0	True	-0.3308942300874777
R05634__chlo	0.0	0.0	True	0.13975255926769775
R08165__cytop	0.0	0.0	True	0.1961722488038277
T_GLYtm__mitmem	0.0	0.0	True	-0.08978140614447594
BMGR6919__lip	0.0	0.0	True	0.03442867854079876
T_DHNAtx__permem	0.0	0.0	True	0.1961722488038277
BMGR6163__chlo	0.0	0.0	True	0.14328933135163172
BMGR3287__lip	0.0	0.0	True	-0.41828225784774464
BMGR6000__cytop	0.0	0.0	True	-0.1905230782107459
T_PC140140tg__golmem	0.0	0.0	True	-0.258345594194952
e_PI__er	0.0	0.0	True	0.13624202483613657
TO0000255th__chlomem	0.0	0.0	True	0.14240510762857164
BMGR0632__er	0.0	0.0	True	0.6900456312320433
BMGR0061__er	0.0	0.0	True	-1.0
DGTSS_170_205__er	0.0	0.0	True	0.0
R00923__mito	0.0	0.0	True	-0.34686103178599015
DGDGS_205_140__chlo	0.0	0.0	True	0.12715215614814543
BMGR6374__er	0.0	0.0	True	0.009081735620585348
R05703__er	0.0	0.0	True	-0.09001700645450472
R00704__cytop	0.0	0.0	True	0.13977217723018487
R04958__mito	0.0	0.0	True	1.0
T_PE204__ermem	0.0	0.0	True	0.13208081170194197
EX_C06232__dra	0.0	0.0	True	0.004949375675200453
R00451__chlo	0.0	0.0	True	0.13988672976679845
R03814__er	0.0	0.0	True	-0.2766199645323517
R00014__cytop	0.0	0.0	True	1.0
T_FA161tr__ermem	0.0	0.0	True	-0.06010039333804909
R01706__cytop	0.0	0.0	True	0.2984412062379608
DM_pho_loss__chlo	0.0	0.0	True	0.0015203885112717952
T_COAth__chlomem	0.0	0.0	True	-0.03955008777535936
R01993__cytop	0.0	0.0	True	-0.10753730454516752
BMGR0237__ermem	0.0	0.0	True	-0.29875126535595503
BMGR6498__er	0.0	0.0	True	1.0
BMGR6320__er	0.0	0.0	True	0.12402490839197004
R00236__chlo	0.0	0.0	True	0.08998170660333515
T_NADPth__chlomem	0.0	0.0	True	0.3686762460263359
R00719__cytop	0.0	0.0	True	-0.2899494043332774
FACOAL183__er	0.0	0.0	True	0.2279851322991103
T_ADPtn__nucmem	0.0	0.0	True	-0.12408897364718148
BMGR4826__ermem	0.0	0.0	True	-1.0129211214272704
BMGR6498__chlo	0.0	0.0	True	0.156086070607957
TO1100020th__chlomem	0.0	0.0	True	-0.03044343945550696
BMGR0411__er	0.0	0.0	True	1.0
BMGR6288__chlo	0.0	0.0	True	0.15050967578637353
BMGR6242__chlo	0.0	0.0	True	0.15811112076203737
BMGR1245__ermem	0.0	0.0	True	-0.25627003128187115
BMGR5556__ermem	0.0	0.0	True	-0.33547620710143566
BMGR6409__cytop	0.0	0.0	True	0.0
BMGR0186__chlo	0.0	0.0	True	1.0
R00004__chlo	0.0	0.0	True	0.1287291159595313
R00722__cytop	0.0	0.0	True	0.32526650078315483
RXN_14390__mito	0.0	0.0	True	1.0
BMGR6124__er	0.0	0.0	True	0.07629698457192181
BMGR6121__er	0.0	0.0	True	0.17203673928849236
T_CO2tu__chlomem	0.0	0.0	True	-0.14901500397415834
R04964__chlo	0.0	0.0	True	0.2173288645258762
T_PC161183tg__golmem	0.0	0.0	True	-0.2777180987589345
FACOAL203y__er	0.0	0.0	True	1.0
DGDGS_161_162__chlo	0.0	0.0	True	0.20199531221828226
BMGR1034__er	0.0	0.0	True	0.13022446257826822
TO0000080tr__ermem	0.0	0.0	True	0.17891776769037293
BMGR6367__er	0.0	0.0	True	0.13208081170194197
T_ABCFACOA201th__chlomem	0.0	0.0	True	0.1471507642891968
SQDGS_201_182__chlo	0.0	0.0	True	0.9009599847923202
BMGR2886__er	0.0	0.0	True	1.0
T_4MTOBth__chlomem	0.0	0.0	True	0.1412737071080811
BMGR4000__ermem	0.0	0.0	True	0.039978438792618115
ETVIOLPSI__chlo	0.0	0.0	True	0.03273454213320083
TO0000017tm__mitmem	0.0	0.0	True	0.6241948458959595
T_PC160161tr__ermem	0.0	0.0	True	-0.30773681919701557
T_FA183tr__ermem	0.0	0.0	True	0.2279851322991103
R00926__mito	0.0	0.0	True	0.9485232360200715
BMGR6008__cytop	0.0	0.0	True	-0.1905230782107459
R04958__cytop	0.0	0.0	True	0.15269361494311287
R01231__cytop	0.0	0.0	True	-0.5585333390065561
R00416__cytop	0.0	0.0	True	0.1327914814080596
R01073__chlo	0.0	0.0	True	0.1407027889216493
R00161__chlo	0.0	0.0	True	0.1767641569353814
BMGR0396__er	0.0	0.0	True	1.0
BMGR4901__chlomem	0.0	0.0	True	-1.0
R02732__cytop	0.0	0.0	True	-0.2606872536800224
R02018__cytop	0.0	0.0	True	1.0
R00707__cytop	0.0	0.0	True	-0.3295274877402305
BMGR0056__chlo	0.0	0.0	True	-0.08519858180576104
R07481__er	0.0	0.0	True	0.1331016769904821
R00014__chlo	0.0	0.0	True	0.20562021729086222
R04429__chlo	0.0	0.0	True	-0.040234450542010664
R01668__cytop	0.0	0.0	True	-0.6045795663245909
R01819__cytop	0.0	0.0	True	0.1361787228388293
T_PE183y205__ermem	0.0	0.0	True	0.009081735620585348
RXN_12997__er	0.0	0.0	True	0.13820357733344787
BMGR3268__lip	0.0	0.0	True	0.035498682750967174
SQDGS_205_205__chlo	0.0	0.0	True	0.09639104613978977
R04428__cytop	0.0	0.0	True	0.10877830917043622
T_PE183205__ermem	0.0	0.0	True	0.009081735620585348
R03654__cytop	0.0	0.0	True	0.13981776072898486
R05884__chlo	0.0	0.0	True	-0.039563940077203194
BMGR6350__er	0.0	0.0	True	0.16831528935275336
T_GLYth__chlomem	0.0	0.0	True	0.005273252706731966
R02569__mito	0.0	0.0	True	-0.34742995372532326
R01830__chlo	0.0	0.0	True	0.09952655900706942
R00105__cytop	0.0	0.0	True	-0.45652832967069407
BMGR4165__ermem	0.0	0.0	True	-0.23492952054270652
RXN_9644__er	0.0	0.0	True	-0.069738655765611
R00751__chlo	0.0	0.0	True	-0.11378374020629055
BMGR5559__er	0.0	0.0	True	-0.20897130477458223
R02020__cytop	0.0	0.0	True	-1.0
R01325__mito	0.0	0.0	True	0.7277340803450646
R04404__nucl	0.0	0.0	True	-0.1503569100896418
R04738__mito	0.0	0.0	True	0.7006627173506691
R01127__cytop	0.0	0.0	True	0.14030279472012294
R03824__chlo	0.0	0.0	True	0.13180771457550658
BMGR0054__er	0.0	0.0	True	1.0
RXN_14381__mito	0.0	0.0	True	1.0
R03656__cytop	0.0	0.0	True	0.14020737975623512
ETZEA__chlo	0.0	0.0	True	0.001990994611014532
TE_1__cytop	0.0	0.0	True	0.0480232838448802
R07558__chlo	0.0	0.0	True	0.1334869837911361
BMGR1540__er	0.0	0.0	True	0.0
BMGR3367__chlo	0.0	0.0	True	0.9009599847923202
BMGR0159__er	0.0	0.0	True	-0.33646446140236796
EX_C00011__dra	0.0	0.0	True	0.11659153691851722
T_ACHMStm__mitmem	0.0	0.0	True	0.13980382159151847
BMGR0056__er	0.0	0.0	True	1.0
BMGR1337__er	0.0	0.0	True	0.0
R00926__cytop	0.0	0.0	True	-0.040259524182810806
R00245__cytop	0.0	0.0	True	-0.2558815837847557
R04960__cytop	0.0	0.0	True	0.2786776763414145
DGHSS_160_160__er	0.0	0.0	True	0.5864202427222973
R00410__mito	0.0	0.0	True	0.06296315566295095
R07758__er	0.0	0.0	True	0.24885221206358304
TR0000047th__chlomem	0.0	0.0	True	0.1432137166592438
R00104__chlo	0.0	0.0	True	0.36870561426401
R02521__chlo	0.0	0.0	True	0.3248103865134303
T_PC160205tr__ermem	0.0	0.0	True	0.10026131206161454
R01890__er	0.0	0.0	True	0.13954520476288712
T_COAtm__mitmem	0.0	0.0	True	0.8569918341126718
BMGR4911__chlomem	0.0	0.0	True	-1.0
T_NPDPth__chlomem	0.0	0.0	True	0.3331111481419764
R03665__cytop	0.0	0.0	True	0.13988252223644237
DGTSS_205_181__er	0.0	0.0	True	0.11337910558545183
R07763__chlo	0.0	0.0	True	0.09090042490631588
R10507__mito	0.0	0.0	True	0.679626554212632
T_GTPth__chlomem	0.0	0.0	True	0.009317665314296222
T_LYSth__chlomem	0.0	0.0	True	0.13988672976679845
BMGR1951__er	0.0	0.0	True	-0.21641366385612062
R05068__chlo	0.0	0.0	True	-0.06278652549253683
R04725__cytop	0.0	0.0	True	0.35021283306738255
RXN_16094__er	0.0	0.0	True	-0.3113696911436589
R11043__er	0.0	0.0	True	0.11254139755375359
e_Acid__cytop	0.0	0.0	True	0.13982685468190903
R03186__chlo	0.0	0.0	True	-0.23704727236399997
R07461__cytop	0.0	0.0	True	0.13383826930926576
BMGR3611__lip	0.0	0.0	True	-0.18502182573487647
R04953__mito	0.0	0.0	True	1.0
BMGR3344__er	0.0	0.0	True	0.005550372508459085
R01715__chlo	0.0	0.0	True	0.13934988827857347
T_Htx__permem	0.0	0.0	True	0.9971947530905769
R00093__chlo	0.0	0.0	True	-0.10175834809431072
BMGR0170__chlo	0.0	0.0	True	0.9796847156150748
T_PE181181tg__golmem	0.0	0.0	True	-0.22832083671847575
R04751__mito	0.0	0.0	True	0.7006627173506691
R12185__cytop	0.0	0.0	True	0.1394039434388721
R03337__mito	0.0	0.0	True	0.3331111481419764
T_CHOPtr__ermem	0.0	0.0	True	0.13954520476288712
BMGR1556__er	0.0	0.0	True	0.5874132717757166
R02003__chlo	0.0	0.0	True	0.1406743242167811
BMGR4748__ermem	0.0	0.0	True	-1.0
BMGR6152__er	0.0	0.0	True	0.08646800725400411
R00316__mito	0.0	0.0	True	0.31896260984743546
R00206__mito	0.0	0.0	True	-0.11413433381600745
BMGR3000__chlo	0.0	0.0	True	0.15050967578637353
BMGR5832__lip	0.0	0.0	True	-0.35645454556513845
R08174__mito	0.0	0.0	True	1.0
R00475__pero	0.0	0.0	True	-0.22818573029009015
BMGR0059__chlo	0.0	0.0	True	0.5498550276928045
R00243__cytop	0.0	0.0	True	-0.07046677404149676
R00531__chlo	0.0	0.0	True	-0.34387729060754835
EX_C00378__dra	0.0	0.0	True	0.16409918125024237
BMGR1516__chlo	0.0	0.0	True	0.013222554334059559
R00238__pero	0.0	0.0	True	-1.0
R03504__cytop	0.0	0.0	True	0.1706746012389638
BMGR0167__chlo	0.0	0.0	True	1.0
R04560__cytop	0.0	0.0	True	0.14030279472012294
BMGR5605__lip	0.0	0.0	True	0.2811251395786426
BMGR3283__lip	0.0	0.0	True	1.0
T_CHORth__chlomem	0.0	0.0	True	0.16743630986353972
T_ACCOAtm__mitmem	0.0	0.0	True	-0.049174947952591974
BMGR1535__er	0.0	0.0	True	0.20421475163070735
R00582__chlo	0.0	0.0	True	0.31788998084356046
R10707__mito	0.0	0.0	True	1.0
R04037__cytop	0.0	0.0	True	0.14012433463056395
BMGR4077__ermem	0.0	0.0	True	0.1002527490025175
e_MGDG__chlo	0.0	0.0	True	0.14060052134143322
BMGR0415__er	0.0	0.0	True	-0.3332027662102727
R04780__cytop	0.0	0.0	True	0.7949019458222908
PKS_C163__cytop	0.0	0.0	True	0.7207756992277322
R01333__cytop	0.0	0.0	True	0.1706746012389638
BMGR4727__ermem	0.0	0.0	True	0.5874132717757166
R01492__cytop	0.0	0.0	True	0.013993104846887143
R01015__cytop	0.0	0.0	True	1.6433379956237903
R07761__er	0.0	0.0	True	0.24885221206358304
R02933__cytop	0.0	0.0	True	0.11412632600927898
BMGR1249__ermem	0.0	0.0	True	-0.3240842421695165
DM_C00404__vacu	0.0	0.0	True	-1.0
R07270__chlo	0.0	0.0	True	0.013627137363009524
R04724__chlo	0.0	0.0	True	0.26310874933342676
R04965__chlo	0.0	0.0	True	0.2173288645258762
R01090__cytop	0.0	0.0	True	0.3765013251900845
BMGR1068__er	0.0	0.0	True	0.14684013685625644
R00724__cytop	0.0	0.0	True	-0.22076489523085657
DGHSS_205_181__er	0.0	0.0	True	0.11337910558545183
MGDGS_205_120__chlo	0.0	0.0	True	0.20136956129988168
R12379__er	0.0	0.0	True	0.13628472770199043
T_CoA_ADP__mitmem	0.0	0.0	True	-1.0
R00533__cytop	0.0	0.0	True	-0.2760987791135392
T_Htr__ermem	0.0	0.0	True	-0.1312979910681423
T_PE161161tr__ermem	0.0	0.0	True	2.2482458582712095
BMGR1334__er	0.0	0.0	True	0.26790921770001275
R00734__chlo	0.0	0.0	True	0.3248103865134303
BMGR1589__er	0.0	0.0	True	0.16744451178872521
T_RIBFLVth__chlomem	0.0	0.0	True	-1.0013712180078067
R00221__mito	0.0	0.0	True	1.0
R02222__er	0.0	0.0	True	0.10059261962229059
BMGR6305__er	0.0	0.0	True	0.17669208321566432
T_H2O2tx__permem	0.0	0.0	True	-0.1447987312404275
T_PC160182tr__ermem	0.0	0.0	True	3.263402540869138
R01130__cytop	0.0	0.0	True	0.14000650813841997
R05776__er	0.0	0.0	True	0.13628472770199043
R04638__cytop	0.0	0.0	True	0.1706746012389638
R01518__cytop	0.0	0.0	True	-0.2254142901365516
TR0000209t__plas	0.0	0.0	True	0.12268546693677479
R05048__cytop	0.0	0.0	True	0.1706746012389638
R00742__cytop	0.0	0.0	True	0.280620174272692
EX_C00177__dra	0.0	0.0	True	0.013993104846887143
R05336__mito	0.0	0.0	True	1.0
R05731__er	0.0	0.0	True	0.1331016769904821
R00959__cytop	0.0	0.0	True	0.11911324831313173
RXN_21830__er	0.0	0.0	True	0.1452732714885769
RXN_4224__er	0.0	0.0	True	0.1416297398775497
BMGR1236__ermem	0.0	0.0	True	-0.26335363350582336
T_OAAAKGtm__mitmem	0.0	0.0	True	0.22363732166399058
BMGR0071__er	0.0	0.0	True	-0.1411730746252657
T_FA161COAtr__ermem	0.0	0.0	True	1.0
T_AKGMALth__chlomem	0.0	0.0	True	0.1395379050601694
BMGR5837__lip	0.0	0.0	True	-0.30965390170585644
R01512__cytop	0.0	0.0	True	-0.9061700815192888
BMGR6160__er	0.0	0.0	True	0.14066091794687371
BMGR0912__chlo	0.0	0.0	True	1.0
R10092__mito	0.0	0.0	True	0.4673440197970869
R04533__cytop	0.0	0.0	True	0.10877830917043622
R07395__cytop	0.0	0.0	True	-0.3522215983442445
R07280__chlo	0.0	0.0	True	0.14249807203450374
MGDGS_205_205__chlo	0.0	0.0	True	0.14244020658365464
R07456__cytop	0.0	0.0	True	0.08561203829221575
BMGR6280__er	0.0	0.0	True	-1.0
R00160__mito	0.0	0.0	True	0.999121813810695
R12612__cytop	0.0	0.0	True	0.13700535529522354
R00286__cytop	0.0	0.0	True	0.16719028119559187
BMGR6271__er	0.0	0.0	True	0.13076762159992325
R00572__cytop	0.0	0.0	True	-0.13666372409935026
R03457__cytop	0.0	0.0	True	0.14012433463056395
BMGR2315__er	0.0	0.0	True	-0.2824859503363915
R00659__cytop	0.0	0.0	True	-0.2938632177721242
TR2000138tm__mitmem	0.0	0.0	True	1.0
R03269__mito	0.0	0.0	True	0.11183998398950432
R04536__cytop	0.0	0.0	True	0.2786776763414145
R03105__cytop	0.0	0.0	True	-0.16010282496325934
BMGR0410__chlo	0.0	0.0	True	-0.15248596079250595
R04953__chlo	0.0	0.0	True	0.21667161100187254
BMGR0161__chlo	0.0	0.0	True	0.886836631169387
R00156__cytop	0.0	0.0	True	0.09684753230583834
R08162__chlo	0.0	0.0	True	0.41293429086595274
R00674__chlo	0.0	0.0	True	0.2797094975009786
SOX__mito	0.0	0.0	True	-0.07502238007088351
R04568__chlo	0.0	0.0	True	0.2173950592267873
R00713__mito	0.0	0.0	True	1.0
R02061__chlo	0.0	0.0	True	0.13794504528686613
T_PC161161tg__golmem	0.0	0.0	True	-0.10712540899419468
BMGR7095__chlo	0.0	0.0	True	0.12872276956318407
R04035__cytop	0.0	0.0	True	0.14012433463056395
T_Orotate__mitmem	0.0	0.0	True	0.14050677215133564
DGTSS_140_161__er	0.0	0.0	True	0.05568751649511749
BMGR1243__ermem	0.0	0.0	True	-0.28055464514223305
T_NPDPtm__mitmem	0.0	0.0	True	0.3331111481419764
R00330__mito	0.0	0.0	True	0.12002016407612111
R04558__cytop	0.0	0.0	True	0.14012433463056395
BMGR0158__chlo	0.0	0.0	True	1.0
R04534__cytop	0.0	0.0	True	0.2786776763414145
R00694__chlo	0.0	0.0	True	0.13897420444586955
R07393__cytop	0.0	0.0	True	0.3003936046779435
T_H2O2th__chlomem	0.0	0.0	True	0.2609330118209974
R00480__cytop	0.0	0.0	True	-0.196859297218994
BMGR0169__er	0.0	0.0	True	1.0
T_BHBtm__mitmem	0.0	0.0	True	0.004067608362123956
R09251__chlo	0.0	0.0	True	0.08168526564387317
R00291__cytop	0.0	0.0	True	0.14008374936109583
R01626__chlo	0.0	0.0	True	0.21356868377484176
BMGR3635__ermem	0.0	0.0	True	-0.1780480010726834
R00430__mito	0.0	0.0	True	0.1518706273504871
BMGR0077__er	0.0	0.0	True	-0.23488363148480593
T_CNCBLt__plas	0.0	0.0	True	0.013993104846887143
BMGR4816__ermem	0.0	0.0	True	0.18396092909394648
T_PE160160tr__ermem	0.0	0.0	True	0.06619475797575265
T_DHORStm__mitmem	0.0	0.0	True	-0.10753730454516752
TR2000129tm__mitmem	0.0	0.0	True	0.08663615239232189
R04955__cytop	0.0	0.0	True	0.2713727624706826
BMGR6244__er	0.0	0.0	True	0.14008392572353226
T_PE140tg__ermem	0.0	0.0	True	-0.1384870989881779
R02412__chlo	0.0	0.0	True	0.13996864820283858
R03775__er	0.0	0.0	True	0.1331016769904821
T_FACOA183tr__ermem	0.0	0.0	True	-0.33441677802375097
PPACO__chlo	0.0	0.0	True	0.15763709730766656
BMGR0170__er	0.0	0.0	True	-0.3570564845529699
R04965__cytop	0.0	0.0	True	0.2786776763414145
DGDGS_181_182__chlo	0.0	0.0	True	0.0
R00159__cytop	0.0	0.0	True	-0.2912457036174103
BMGR6303__er	0.0	0.0	True	0.04479561185843028
RXN_21315__cytop	0.0	0.0	True	0.13700535529522354
BMGR0045__chlo	0.0	0.0	True	1.0
R00009__pero	0.0	0.0	True	-0.14402663381610886
R04537__mito	0.0	0.0	True	1.0
T_H2Otx__permem	0.0	0.0	True	-0.3159359041876358
T_CHLtr__ermem	0.0	0.0	True	0.13642641244386905
R00310__chlo	0.0	0.0	True	0.06632544252505874
R08182__cytop	0.0	0.0	True	1.0
BMGR5847__lip	0.0	0.0	True	-0.2843031436490316
DGHSS_160_182__er	0.0	0.0	True	1.0
R01158__cytop	0.0	0.0	True	0.5932058857362106
R04404__cytop	0.0	0.0	True	-0.29295273750792
R07178__chlo	0.0	0.0	True	-0.26060772121154785
BMGR3985__ermem	0.0	0.0	True	-0.2824859503363915
R01187__cytop	0.0	0.0	True	0.1426356571779362
R00243__mito	0.0	0.0	True	0.11189764361380114
TR2000010tm__mitmem	0.0	0.0	True	-0.023732562644402596
TR2000131tm__mitmem	0.0	0.0	True	0.160985416431569
R04963__cytop	0.0	0.0	True	0.2786776763414145
R00531__cytop	0.0	0.0	True	-0.27945877989248746
BMGR4770__ermem	0.0	0.0	True	1.3961724703252156
STCHLPSIa__chlo	0.0	0.0	True	-0.017560804785262802
R02093__cytop	0.0	0.0	True	-0.19797112280867285
BMGR6295__chlo	0.0	0.0	True	0.16996694843370683
R01598__cytop	0.0	0.0	True	0.12157522382017087
R06266__chlo	0.0	0.0	True	0.14240510762857173
R04640__cytop	0.0	0.0	True	0.14012433463056395
R00515__cytop	0.0	0.0	True	-0.32599420566340503
R10147__chlo	0.0	0.0	True	0.13988672976679845
BMGR6273__chlo	0.0	0.0	True	0.15261226763656852
R00512__cytop	0.0	0.0	True	-0.22416166108124838
R00206__chlo	0.0	0.0	True	-0.030894464566790732
BMGR6276__chlo	0.0	0.0	True	0.20136956129988168
TO0000063t__plas	0.0	0.0	True	1.0
R08782__chlo	0.0	0.0	True	0.3248103865134303
PKS_C144__cytop	0.0	0.0	True	0.0480130678139648
R02722__chlo	0.0	0.0	True	-0.1343185431621604
R01708__cytop	0.0	0.0	True	-0.29562008368745624
R00235__cytop	0.0	0.0	True	-0.05540614485183466
DGTSS_160_160__er	0.0	0.0	True	0.5864202427222973
BMGR4850__chlomem	0.0	0.0	True	-0.15248596079250595
BMGR0546__er	0.0	0.0	True	0.176650546554179
BMGR6122__er	0.0	0.0	True	0.028426468376986574
BMGR4771__ermem	0.0	0.0	True	-0.40760367791746205
T_FA140th__chlomem	0.0	0.0	True	0.30022637888846365
R04779__cytop	0.0	0.0	True	1.0
RXN_14384__chlo	0.0	0.0	True	0.016505061515094233
T_ACtm__mitmem	0.0	0.0	True	-1.755842255028064
R08183__cytop	0.0	0.0	True	1.0
R09737__mito	0.0	0.0	True	0.3331111481419764
T_bALAtm__mitmem	0.0	0.0	True	0.11183998398950432
R00177__cytop	0.0	0.0	True	0.13988727904425477
R06286_hn646__chlo	0.0	0.0	True	-0.7468059477076135
T_AKGCITtm__mitmem	0.0	0.0	True	1.0
BMGR1969__er	0.0	0.0	True	-0.22758787438722727
BMGR0040__er	0.0	0.0	True	1.0
R00742__chlo	0.0	0.0	True	0.21356868377484176
ETANTHPSII__chlo	0.0	0.0	True	-0.6899620946230622
R07460__cytop	0.0	0.0	True	0.13383826930926576
R03051__chlo	0.0	0.0	True	0.06160841277962166
BMGR4794__ermem	0.0	0.0	True	-0.25791640664107035
T_ASPt2m__mitmem	0.0	0.0	True	-0.07701202670593918
R00589__cytop	0.0	0.0	True	1.0
R04798__chlo	0.0	0.0	True	0.13180771457550658
T_CDPEAtr__ermem	0.0	0.0	True	0.14060715944856403
R00945__cytop	0.0	0.0	True	1.4890120558770998
R01457__er	0.0	0.0	True	1.0
R04198__chlo	0.0	0.0	True	-0.2826997446981264
R04001__chlo	0.0	0.0	True	0.1418576784434742
R06983__cytop	0.0	0.0	True	0.3160327014097936
R00275__mito	0.0	0.0	True	-0.13075522947463342
R03857__mito	0.0	0.0	True	0.7006627173506691
BMGR6306__er	0.0	0.0	True	0.15763709730766656
BMGR3142__er	0.0	0.0	True	1.0
R04537__cytop	0.0	0.0	True	0.2786776763414145
R00155__cytop	0.0	0.0	True	-0.15254617471307036
R04962__cytop	0.0	0.0	True	0.29120482073460224
BMGR4722__ermem	0.0	0.0	True	-0.20753028632009105
BMGR6279__chlo	0.0	0.0	True	1.0
T_FA181COAtr__ermem	0.0	0.0	True	1.0
BMGR6002__cytop	0.0	0.0	True	-0.21551267348707961
R01137__mito	0.0	0.0	True	1.0
BMGR3301__lip	0.0	0.0	True	0.09179686276155151
R01049__cytop	0.0	0.0	True	-0.0777316619605962
MGDGS_160_161__chlo	0.0	0.0	True	0.1311833308824363
R01373__chlo	0.0	0.0	True	0.13897420444586955
R01072__cytop	0.0	0.0	True	0.1405546004154987
R00293__cytop	0.0	0.0	True	0.13649501019906288
RXN0_7248__er	0.0	0.0	True	-0.06010039333804909
BMGR5850__lip	0.0	0.0	True	-0.39835659135263407
R00287__chlo	0.0	0.0	True	0.1399371666633735
TR2000102th__chlomem	0.0	0.0	True	-0.19618374374678368
BMGR6257__chlo	0.0	0.0	True	0.2293997297094376
R10092__chlo	0.0	0.0	True	0.23643667468274154
BMGR3297__lip	0.0	0.0	True	-0.33494778673792214
BMGR1712__er	0.0	0.0	True	-0.2350025837470377
BMGR1229__ermem	0.0	0.0	True	-0.3298045439569502
TR2000107th__chlomem	0.0	0.0	True	0.14003738738829563
R05578__cytop	0.0	0.0	True	0.13933874007555777
BMGR4150__ermem	0.0	0.0	True	0.005550372508459085
T_3hbcoa__Rtx__permem	0.0	0.0	True	1.0
R00216__pero	0.0	0.0	True	0.24344353332412697
R08648__chlo	0.0	0.0	True	-0.06278652549253683
BMGR6676__er	0.0	0.0	True	1.0
rxn28968__chlo	0.0	0.0	True	0.8308187079310132
RXN_21829__er	0.0	0.0	True	0.1452732714885769
BMGR3298__lip	0.0	0.0	True	0.02404134610495206
R04967__cytop	0.0	0.0	True	0.35725384355675177
T_ABCFACOA160th__chlomem	0.0	0.0	True	0.23948235250418096
R00253__chlo	0.0	0.0	True	-0.009953184723948686
BMGR3295__lip	0.0	0.0	True	-0.20753028632009105
BMGR0032__chlo	0.0	0.0	True	1.0
R05692__cytop	0.0	0.0	True	-0.14221738384272986
FACOAL203__er	0.0	0.0	True	1.0
T_SAMth__chlomem	0.0	0.0	True	-0.1843105111218155
T_ILEth__chlomem	0.0	0.0	True	-0.06278652549253683
R00004__mito	0.0	0.0	True	-0.2151900449002594
BMGR0523__chlo	0.0	0.0	True	0.19034865312049926
R06284__chlo	0.0	0.0	True	0.14240510762857164
TI2903797tm__mitmem	0.0	0.0	True	0.909527407758177
T_LEUth__chlomem	0.0	0.0	True	1.0
TZ2900003t__plas	0.0	0.0	True	1.0
TR0000049th__chlomem	0.0	0.0	True	0.12268546693677479
R12205__er	0.0	0.0	True	-0.3742360514153651
rxn08552__chlo	0.0	0.0	True	0.1086442365592146
RXN_14387__chlo	0.0	0.0	True	0.016505061515094233
PKS_C102__cytop	0.0	0.0	True	0.0480130678139648
BMGR0180__er	0.0	0.0	True	-0.40967988317107196
RXN_12969__er	0.0	0.0	True	-0.20006401543734442
BMGR5667__er	0.0	0.0	True	-0.13634313759694158
R01900__mito	0.0	0.0	True	0.7277340803450646
R07760__er	0.0	0.0	True	0.24885221206358304
R07613__chlo	0.0	0.0	True	0.13988672976679845
R02569__chlo	0.0	0.0	True	0.12527354879735833
R01214__mito	0.0	0.0	True	0.11183998398950432
PKS_C185__cytop	0.0	0.0	True	0.0480130678139648
R00238__mito	0.0	0.0	True	1.0459422920711021
RXN_14388__mito	0.0	0.0	True	1.0
R03778__mito	0.0	0.0	True	0.7006627173506691
R04959__chlo	0.0	0.0	True	0.34672085965710026
BMGR6316__er	0.0	0.0	True	0.05895745638418985
R08704__cytop	0.0	0.0	True	0.13649501019906288
R01057__cytop	0.0	0.0	True	-0.8728726848849397
T_PC161162tr__ermem	0.0	0.0	True	0.9245573518090839
T_ALAth__chlomem	0.0	0.0	True	0.01486030323415406
R00430__cytop	0.0	0.0	True	-0.21468513524998403
R01655__mito	0.0	0.0	True	0.4522655469921497
R07281__chlo	0.0	0.0	True	0.14317151502377456
BMGR6274__chlo	0.0	0.0	True	0.14328933135163172
R00769__cytop	0.0	0.0	True	1.0
TO3000348th__chlomem	0.0	0.0	True	0.14517057989417284
T_L_SERtm__mitmem	0.0	0.0	True	-0.3363523370043783
R09540__chlo	0.0	0.0	True	-0.23704727236399997
R04325__cytop	0.0	0.0	True	-0.5557084135239031
BMGR0909__chlo	0.0	0.0	True	1.0
T_SUCBZtx__permem	0.0	0.0	True	0.1961722488038277
BMGR0186__er	0.0	0.0	True	-0.318709850215143
R04591__cytop	0.0	0.0	True	0.1405546004154987
TR0000243th__chlomem	0.0	0.0	True	0.22913878826355064
R05000__mito	0.0	0.0	True	0.3331111481419764
BMGR6130__ermem	0.0	0.0	True	0.07629698457192181
BMGR1069__er	0.0	0.0	True	0.060402305903260525
EX_C00205__dra	0.0	0.0	True	0.0019920760297278185
R00235__pero	0.0	0.0	True	-0.13526624446471575
R06286_hn450__chlo	0.0	0.0	True	0.3120724221198159
T_TYRth__chlomem	0.0	0.0	True	0.32481038651343025
T_ABCFACOA183th__chlomem	0.0	0.0	True	0.984790463693226
T_PPitx__permem	0.0	0.0	True	0.38396591074949094
T_UDPGA__chlomem	0.0	0.0	True	0.1399371666633735
R04125__mito	0.0	0.0	True	0.20567405590119384
TR2000133tm__mitmem	0.0	0.0	True	0.004949375675200453
RXN_13322__er	0.0	0.0	True	0.10879447410423729
BMGR0217__chlo	0.0	0.0	True	0.3547254134139264
BMGR6399__er	0.0	0.0	True	0.0
BMGR5927__chlo	0.0	0.0	True	0.15927916021817656
e_PC__cytop	0.0	0.0	True	0.13954520476288712
EX_C00007__dra	0.0	0.0	True	0.06450001583300909
BMGR4760__ermem	0.0	0.0	True	0.028426468376986574
R01070__chlo	0.0	0.0	True	0.27658864286024126
R04173__chlo	0.0	0.0	True	0.06208990027847358
RXN1YI0_20__chlo	0.0	0.0	True	0.0027835014169211914
R04170__mito	0.0	0.0	True	0.7006627173506691
BMGR1251__ermem	0.0	0.0	True	-0.22581211482811034
R03220__chlo	0.0	0.0	True	0.1413961557777474
R00755__cytop	0.0	0.0	True	1.0
BMGR4791__ermem	0.0	0.0	True	-0.19818384446634524
PSIc6CR__lum	0.0	0.0	True	-0.3679053941277273
R00514__cytop	0.0	0.0	True	-0.2025787068871092
BMGR4820__ermem	0.0	0.0	True	-0.5129867398784619
R07392__cytop	0.0	0.0	True	0.1412737071080811
R08539__er	0.0	0.0	True	0.043997361678834314
BMGR4810__ermem	0.0	0.0	True	0.0587661091767806
R02331__mito	0.0	0.0	True	-0.0681148746589588
BMGR6344__er	0.0	0.0	True	0.008522010992890015
BMGR6668__er	0.0	0.0	True	1.0
R00847__cytop	0.0	0.0	True	-0.5516477907006555
R08179__cytop	0.0	0.0	True	1.0
R10179__mito	0.0	0.0	True	2.3665372659147152
T_NADPtr__ermem	0.0	0.0	True	0.07714115258321391
R00217__mito	0.0	0.0	True	0.3052748438044011
BMGR5604__lip	0.0	0.0	True	0.9693293784072571
R07916__chlo	0.0	0.0	True	0.232998066190263
R04739__mito	0.0	0.0	True	0.7006627173506691
BMGR0238__ermem	0.0	0.0	True	-0.25512349516065674
BMGR6349__er	0.0	0.0	True	0.20749238203226808
R01616__mito	0.0	0.0	True	0.3331111481419764
BMGR5602__lip	0.0	0.0	True	0.08254820605096438
FACOAL183y__er	0.0	0.0	True	0.9904590372266697
e_Carbohydrate__cytop	0.0	0.0	True	0.14003043385592984
TZ2900034t__plas	0.0	0.0	True	0.140022022292634
MGDGS_161_160__chlo	0.0	0.0	True	0.12883198142265057
R02095__mito	0.0	0.0	True	-0.24848215541384386
R00332__cytop	0.0	0.0	True	-0.263137305093881
RXN_14388__chlo	0.0	0.0	True	0.016505061515094233
T_PYR__permem	0.0	0.0	True	-0.5555976441480942
R04955__chlo	0.0	0.0	True	0.5691014247016792
BMGR5656__er	0.0	0.0	True	0.4996170855675248
R01699__mito	0.0	0.0	True	-0.4306663032442127
MGDGS_182_161__chlo	0.0	0.0	True	0.13419065238610794
e_FFA__cytop	0.0	0.0	True	0.13500476296641611
T_VALth__chlomem	0.0	0.0	True	0.09529395154315416
BMGR0527__chlo	0.0	0.0	True	0.0
R04748__mito	0.0	0.0	True	0.7006627173506691
BMGR0431__er	0.0	0.0	True	0.4995795128288636
BMGR0185__er	0.0	0.0	True	1.0
BMGR1677__er	0.0	0.0	True	-0.28429302608646523
BMGR0158__er	0.0	0.0	True	1.0
R01401__cytop	0.0	0.0	True	0.1412737071080811
R00946__cytop	0.0	0.0	True	0.1398628380935869
R03425__mito	0.0	0.0	True	0.20571062891875022
BMGR1546__er	0.0	0.0	True	0.39197336868595956
BMGR0604__chlo	0.0	0.0	True	0.13365831538374306
R00181__cytop	0.0	0.0	True	1.0
R04742__mito	0.0	0.0	True	0.7006627173506691
BMGR0184__er	0.0	0.0	True	1.0
R07168__cytop	0.0	0.0	True	0.24934955649013932
BMGR6255__chlo	0.0	0.0	True	0.2451738771712857
FACOAL203y__cytop	0.0	0.0	True	1.0
R02023__cytop	0.0	0.0	True	-1.0
T_PC160182tg__golmem	0.0	0.0	True	-0.21618017999222405
R04967__chlo	0.0	0.0	True	0.23058100510041968
BMGR6405__lip	0.0	0.0	True	-0.28430818171402
R01061__cytop	0.0	0.0	True	-0.9061700815192888
BMGR5668__er	0.0	0.0	True	-0.03235059888094681
DGTSS_171_160__er	0.0	0.0	True	0.17669208321566432
DGDGS_183_161__chlo	0.0	0.0	True	0.18352532744200714
R04433__mito	0.0	0.0	True	0.08044817275500248
R04533__mito	0.0	0.0	True	1.0
BMGR3174__er	0.0	0.0	True	0.009744029888423367
R04744__mito	0.0	0.0	True	0.7006627173506691
BMGR0175__er	0.0	0.0	True	1.0
R02740__cytop	0.0	0.0	True	-0.8082513256476921
SQDGS_160_160__chlo	0.0	0.0	True	0.1475067807218861
BMGR5424__lip	0.0	0.0	True	0.021937195556748272
T_LIPOtm__mitmem	0.0	0.0	True	-1.0
T_CoA_AMP__mitmem	0.0	0.0	True	-1.0
T_COAtr__ermem	0.0	0.0	True	-20.876150783131358
R00480__chlo	0.0	0.0	True	-0.0013500406867077764
BMGR1487__chlo	0.0	0.0	True	0.01825716918231293
R06946__chlo	0.0	0.0	True	-0.14716685123063086
MGDGS_201_183__chlo	0.0	0.0	True	0.9954105557218397
BMGR0031__er	0.0	0.0	True	1.0
T_H2Otu__chlomem	0.0	0.0	True	0.00737822663377755
T_GLYCLTth__chlomem	0.0	0.0	True	-0.34786307168523833
R00115__chlo	0.0	0.0	True	-0.27290429796769194
R04429__mito	0.0	0.0	True	1.0
MGDGS_182_163__chlo	0.0	0.0	True	0.13736529329807504
BMGR4894__chlomem	0.0	0.0	True	-1.0456443655558134
R00115__cytop	0.0	0.0	True	-0.23746816390357195
BMGR6173__er	0.0	0.0	True	0.2031763856581374
BMGR0911__chlo	0.0	0.0	True	0.018283600411579715
R08770__mito	0.0	0.0	True	0.3331111481419764
TI3000694t__plas	0.0	0.0	True	-0.2424426703895591
R04956__mito	0.0	0.0	True	1.0
T_PC204tr__ermem	0.0	0.0	True	0.1692829372387386
BMGR6278__chlo	0.0	0.0	True	0.13736529329807504
R01398__cytop	0.0	0.0	True	0.1399656866915234
R03018__mito	0.0	0.0	True	0.11183998398950432
BMGR1071__er	0.0	0.0	True	0.12410071942446074
R00724__mito	0.0	0.0	True	-0.1158172907823875
T_O2t__plas	0.0	0.0	True	0.06450001583300909
R00842__cytop	0.0	0.0	True	0.9767936464823044
BMGR6686__er	0.0	0.0	True	-0.27152162695034254
R02889__cytop	0.0	0.0	True	0.13867364412950287
R08174__pero	0.0	0.0	True	1.0
BMGR0165__er	0.0	0.0	True	1.0
R04754__mito	0.0	0.0	True	0.7006627173506691
TE_2__cytop	0.0	0.0	True	0.7207756992277322
T_GLXtx__permem	0.0	0.0	True	-0.6291823619462122
DGHSS_205_184__er	0.0	0.0	True	0.04479561185843028
R01993__mito	0.0	0.0	True	0.3329640432700949
T_PC161205tr__ermem	0.0	0.0	True	0.12918375412537023
R02765__mito	0.0	0.0	True	0.13953880585449485
DGDGS_161_181__chlo	0.0	0.0	True	0.15321964509665456
BMGR6153__chlo	0.0	0.0	True	0.13866567016168016
HEPACP__chlo	0.0	0.0	True	0.15763709730766656
BMGR0283__ermem	0.0	0.0	True	-0.23470785105261985
BMGR6144__ermem	0.0	0.0	True	0.08646800725400411
e_Pigment__chlo	0.0	0.0	True	0.14064104026462873
RXN_13031__mito	0.0	0.0	True	-0.2672486966025625
BMGR0524__chlo	0.0	0.0	True	0.13365831538374306
R07606__chlo	0.0	0.0	True	-0.4541044678818542
R00351__mito	0.0	0.0	True	-0.4052609555986289
R00239__cytop	0.0	0.0	True	-0.3079829039503844
EX_C00305__dra	0.0	0.0	True	0.14240510762857164
BMGR5607__lip	0.0	0.0	True	-0.09220436221491621
BMGR1968__er	0.0	0.0	True	-0.49000637238051
R00287__cytop	0.0	0.0	True	-0.12470202027685241
BMGR4882__chlomem	0.0	0.0	True	-1.1180445285313694
R02065__chlo	0.0	0.0	True	0.013627137363009524
R04959__mito	0.0	0.0	True	1.0
BMGR6390__er	0.0	0.0	True	0.007708973648410373
BMGR6926__lip	0.0	0.0	True	-0.22457797097469478
BMGR0076__er	0.0	0.0	True	-0.36725661738447624
T_PC160181tg__golmem	0.0	0.0	True	-0.3344149736430778
R09540__cytop	0.0	0.0	True	-0.30222792616912947
R01082__mito	0.0	0.0	True	0.502827110564635
BMGR0194__chlo	0.0	0.0	True	1.0
T_FA204COAtr__ermem	0.0	0.0	True	-0.2757723700323757
R12423__chlo	0.0	0.0	True	-0.18522790738250747
R00258__pero	0.0	0.0	True	-0.6344425227763225
BMGR0185__chlo	0.0	0.0	True	1.0
BMGR4772__ermem	0.0	0.0	True	0.8372990863051569
R00221__chlo	0.0	0.0	True	1.0
BMGR1339__er	0.0	0.0	True	0.14958745486562897
BMGR6245__chlo	0.0	0.0	True	0.15963036782025747
R03661__cytop	0.0	0.0	True	0.14000133133022633
BMGR3290__lip	0.0	0.0	True	-0.09245537517969796
BMGR1235__ermem	0.0	0.0	True	-0.3085580117813442
R06896__chlo	0.0	0.0	True	0.21302546178480428
R00355__chlo	0.0	0.0	True	0.3501767692689455
BMGR7094__chlo	0.0	0.0	True	0.0
R00489__cytop	0.0	0.0	True	0.11183998398950432
RXN_16380__cytop	0.0	0.0	True	0.88692000345146
BMGR3279__lip	0.0	0.0	True	0.23921166739634855
T_O2tx__permem	0.0	0.0	True	-0.14591095053497222
BMGR5822__lip	0.0	0.0	True	-0.24544158245788464
BMGR0603__chlo	0.0	0.0	True	0.19034865312049926
ATP_Synthase__mitmem	0.0	0.0	True	-0.014732096562994845
R04737__mito	0.0	0.0	True	0.7006627173506691
T_DAD5tm__mitmem	0.0	0.0	True	0.6241948458959595
TZ2900024th__chlomem	0.0	0.0	True	-0.11944686350654508
PSICSa__chlo	0.0	0.0	True	0.0027834995880548475
R03459__chlo	0.0	0.0	True	0.14249807203450374
BMGR3304__lip	0.0	0.0	True	-0.22372016246764856
R03165__chlo	0.0	0.0	True	0.1413961557777474
BMGR4806__ermem	0.0	0.0	True	-0.2031157550462417
RXN_14386__mito	0.0	0.0	True	1.0
R01624__cytop	0.0	0.0	True	0.28840855192524983
R04960__chlo	0.0	0.0	True	0.2173288645258762
R01354__chlo	0.0	0.0	True	-0.04103688001655574
T_PC160181tr__ermem	0.0	0.0	True	3.7702365849218924
TZ3100029t__plas	0.0	0.0	True	1.0
DGTSS_161_180__er	0.0	0.0	True	0.0005503026664666104
R07483__er	0.0	0.0	True	0.1331016769904821
R08771__mito	0.0	0.0	True	0.3331111481419764
R00465__chlo	0.0	0.0	True	-0.34786307168523833
BMGR1547__er	0.0	0.0	True	-0.6462726461414953
R04952__mito	0.0	0.0	True	1.0
R02326__cytop	0.0	0.0	True	1.0
BMGR5523__er	0.0	0.0	True	0.9988383054157547
R00483__cytop	0.0	0.0	True	-0.1892130328515433
BMGR4788__ermem	0.0	0.0	True	-0.04185916697166842
BMGR5671__er	0.0	0.0	True	-0.054840811006532875
BMGR0926__chlo	0.0	0.0	True	0.10967777731541224
R01324__mito	0.0	0.0	True	0.7255398183649043
BMGR4887__chlomem	0.0	0.0	True	-1.1626611045999584
MGDGS_162_162__chlo	0.0	0.0	True	0.09206071857595292
DGHSS_171_160__er	0.0	0.0	True	0.17669208321566432
BMGR5666__er	0.0	0.0	True	-0.4631875821296416
DGHSS_161_161__er	0.0	0.0	True	0.11522090667459704
BMGR6366__er	0.0	0.0	True	0.1619950163324855
BMGR3316__lip	0.0	0.0	True	0.2706742761770155
BMGR5831__lip	0.0	0.0	True	-0.2358845760572794
BMGR0203__chlo	0.0	0.0	True	0.13709451032090963
ETCHLAS__chlo	0.0	0.0	True	0.0019895677965943662
R07460__mito	0.0	0.0	True	1.0
T_O2th__chlomem	0.0	0.0	True	0.029454653095772873
DGHSS_160_181__er	0.0	0.0	True	-0.333851732111149
R01466__cytop	0.0	0.0	True	-0.07498482410500698
BMGR6992__er	0.0	0.0	True	0.27914602860202115
R01251__cytop	0.0	0.0	True	0.14000133133022633
BMGR1246__ermem	0.0	0.0	True	-0.10712540899419468
R04639__cytop	0.0	0.0	True	0.1706746012389638
BMGR2886__chlo	0.0	0.0	True	1.0
R07262__pero	0.0	0.0	True	0.2188128124844351
BMGR4913__chlomem	0.0	0.0	True	0.13738954881178359
DGHSS_161_181__er	0.0	0.0	True	0.18243492912780668
R00943__cytop	0.0	0.0	True	0.34390002150745075
DGDGS_161_180__chlo	0.0	0.0	True	0.0
R04961__cytop	0.0	0.0	True	0.26717788313856267
R04457__chlo	0.0	0.0	True	0.14317151502377465
T_PPHNth__chlomem	0.0	0.0	True	0.13990707279297881
BMGR4809__ermem	0.0	0.0	True	-0.19433506568396938
T_Htn__nucmem	0.0	0.0	True	-0.1214335442246233
BMGR0058__chlo	0.0	0.0	True	0.13709451032090958
DM_photon298__cytop	0.0	0.0	True	0.0020549996206492426
BMGR0229__ermem	0.0	0.0	True	-0.3024789283136485
BMGR6342__er	0.0	0.0	True	0.12402490839197004
FACOAL162__cytop	0.0	0.0	True	0.9505371534670797
BMGR0038__er	0.0	0.0	True	1.0
R00243__chlo	0.0	0.0	True	-0.007277128812304415
BMGR1965__er	0.0	0.0	True	0.08699034671113633
BMGR1221__ermem	0.0	0.0	True	-0.26772422120901734
R01857__cytop	0.0	0.0	True	1.0
BMGR1060__er	0.0	0.0	True	0.14790134935803645
BMGR5557__er	0.0	0.0	True	-0.24654436114876616
TZ2900022th__chlomem	0.0	0.0	True	0.009313019519685689
BMGR0039__er	0.0	0.0	True	1.0
BMGR5661__er	0.0	0.0	True	-0.34518597558522207
BMGR0045__er	0.0	0.0	True	1.0
R01626__cytop	0.0	0.0	True	0.28844456531546797
R00021__chlo	0.0	0.0	True	1.0
R00122__cytop	0.0	0.0	True	-0.28978968110118175
R01518__chlo	0.0	0.0	True	-0.829567192605124
BMGR6377__chlo	0.0	0.0	True	0.009744029888423367
R02063__chlo	0.0	0.0	True	0.14350006993728084
BMGR6149__ermem	0.0	0.0	True	0.0887707604389035
RXN_13031__chlo	0.0	0.0	True	-0.14587368530847766
R00895__chlo	0.0	0.0	True	-0.3117860834930873
R02038__cytop	0.0	0.0	True	0.14060715944856403
R00662__cytop	0.0	0.0	True	-0.29251935412261537
TR2000109tm__mitmem	0.0	0.0	True	-0.2254142901365516
BMGR6148__ermem	0.0	0.0	True	-0.1385500238707424
R00355__cytop	0.0	0.0	True	0.13891652389026124
R01216__mito	0.0	0.0	True	0.3160327014097936
BMGR2953__er	0.0	0.0	True	0.009744029888423367
T_FADH2th__chlomem	0.0	0.0	True	-0.24607501049605568
R05577__cytop	0.0	0.0	True	0.13919438196176181
BMGR6010__cytop	0.0	0.0	True	-0.21551267348707961
R03664__cytop	0.0	0.0	True	0.1407027889216493
BMGR3698__ermem	0.0	0.0	True	0.08699034671113633
DGTSS_140_204__er	0.0	0.0	True	0.002757583354224182
BMGR0430__er	0.0	0.0	True	-0.03235059888094681
TO3001154t__plas	0.0	0.0	True	-0.24527976306904212
R11945__mitmem	0.0	0.0	True	-0.01693190216975795
RXN_14384__mito	0.0	0.0	True	1.0
R02282__chlo	0.0	0.0	True	0.1399656866915234
R00428__cytop	0.0	0.0	True	0.1706746012389638
BMGR0184__chlo	0.0	0.0	True	1.0
MGDGS_161_162__chlo	0.0	0.0	True	0.20199531221828226
RXN_20564__er	0.0	0.0	True	0.033989905929980614
BMGR6154__er	0.0	0.0	True	0.13553966437508172
BMGR1250__ermem	0.0	0.0	True	-0.258345594194952
BMGR3144__er	0.0	0.0	True	0.19777214381250866
BMGR1179__ermem	0.0	0.0	True	-0.21561718840809502
DGDGS_161_161__chlo	0.0	0.0	True	0.13703275060404838
R04952__chlo	0.0	0.0	True	0.21667161100187254
R04963__chlo	0.0	0.0	True	0.2173288645258762
TI3000041th__chlomem	0.0	0.0	True	0.11604473745047529
DGHSS_171_205__er	0.0	0.0	True	0.0002000400080017
R04430__chlo	0.0	0.0	True	0.420029978707706
R00342__cytop	0.0	0.0	True	1.3685473868664808
R00734__cytop	0.0	0.0	True	0.05750038197620345
BMGR0584__er	0.0	0.0	True	0.14958745486562897
R01780__mito	0.0	0.0	True	0.06296315566295095
R02291__cytop	0.0	0.0	True	-0.196859297218994
BMGR6283__chlo	0.0	0.0	True	1.0
R00888__cytop	0.0	0.0	True	0.1427557555043988
EX_C02823__dra	0.0	0.0	True	0.013993104846887143
DGTSS_160_161__er	0.0	0.0	True	0.14539009123032098
R03815__mito	0.0	0.0	True	0.20571062891875022
DGDGS_161_140__chlo	0.0	0.0	True	0.10386241458864577
DGTSS_182_205__er	0.0	0.0	True	0.19777214381250866
R04724__cytop	0.0	0.0	True	0.22196307869647466
ATPase__chlo	0.0	0.0	True	0.0027631257058258014
R04292__cytop	0.0	0.0	True	0.16056403412058284
T_O2tm__mitmem	0.0	0.0	True	-0.01986733879040181
R09735__cytop	0.0	0.0	True	0.004949375675200453
R00512__mito	0.0	0.0	True	-0.24409880359006084
TR2000132tr__ermem	0.0	0.0	True	-0.03333423159976327
BMGR4742__ermem	0.0	0.0	True	0.004217714400482084
BMGR4814__ermem	0.0	0.0	True	1.2416470408941418
BMGR3250__er	0.0	0.0	True	-0.16763902077879303
MGDGS_182_140__chlo	0.0	0.0	True	0.013222554334059559
T_FA160th__chlomem	0.0	0.0	True	-0.13910956505770686
R00268__mito	0.0	0.0	True	0.5789361695256171
BMGR6247__chlo	0.0	0.0	True	0.15963036782025747
BMGR6297__chlo	0.0	0.0	True	0.394451454536495
BMGR0096__er	0.0	0.0	True	-0.25791640664107035
R01771__chlo	0.0	0.0	True	-0.14429086834009572
R01108__cytop	0.0	0.0	True	-0.30222792616912947
R09958__mito	0.0	0.0	True	-0.46794096143483904
BMGR5840__lip	0.0	0.0	True	-0.20897130477458223
BMGR1176__ermem	0.0	0.0	True	-0.1100732575134023
BMGR6280__chlo	0.0	0.0	True	-0.017323666951620846
R01481__cytop	0.0	0.0	True	0.11412632600927898
RXN_16097__er	0.0	0.0	True	-0.3113696911436589
T_FADH2tx__permem	0.0	0.0	True	-0.06560667531936952
T_FA203ytr__ermem	0.0	0.0	True	1.0
R04787__chlo	0.0	0.0	True	0.13180771457550663
BMGR6383__chlo	0.0	0.0	True	-0.29147896614911817
R03105__chlo	0.0	0.0	True	-0.3117860834930873
R01512__chlo	0.0	0.0	True	0.07250862841948434
BMGR0002__er	0.0	0.0	True	0.1499209429351731
R04954__chlo	0.0	0.0	True	0.21667161100187254
BMGR1181__ermem	0.0	0.0	True	-0.2594167787253072
R02283__chlo	0.0	0.0	True	0.1399656866915234
R00112__mito	0.0	0.0	True	0.4467184188487832
BMGR4724__ermem	0.0	0.0	True	0.9509528702411949
BMGR6968__lip	0.0	0.0	True	-0.43687715274845035
DGHSS_161_180__er	0.0	0.0	True	0.0005503026664666104
R11059__er	0.0	0.0	True	-0.2893112620987711
R08766__mito	0.0	0.0	True	0.3331111481419764
TR2000135tm__mitmem	0.0	0.0	True	-1.0
BMGR1182__ermem	0.0	0.0	True	-0.25718355991119995
R01775__cytop	0.0	0.0	True	-0.07140071716696712
e_DNA__cytop	0.0	0.0	True	0.14883106439198118
BMGR6254__er	0.0	0.0	True	0.33854803329143324
R00352__cytop	0.0	0.0	True	0.31710883084934643
BMGR3311__lip	0.0	0.0	True	0.07398631170587908
T_FACOA183ytr__ermem	0.0	0.0	True	1.0400902614686849
BMGR6270__er	0.0	0.0	True	0.000900810729656699
R03968__chlo	0.0	0.0	True	0.1418576784434742
T_ASPSAth__chlomem	0.0	0.0	True	-4.436410070635073
BMGR6143__ermem	0.0	0.0	True	-0.24691738395969856
R05775__chlo	0.0	0.0	True	0.14213993572979952
R03217__cytop	0.0	0.0	True	0.13980382159151847
BMGR0919__er	0.0	0.0	True	-0.39405390212980096
R01826__chlo	0.0	0.0	True	0.13996864820283858
T_MALOAAth__chlomem	0.0	0.0	True	-0.12280835514805237
BMGR6302__er	0.0	0.0	True	0.04479561185843028
R03083__chlo	0.0	0.0	True	0.13996864820283858
R03370__chlo	0.0	0.0	True	0.09699572657739966
R00341__cytop	0.0	0.0	True	0.1861049416647877
R11323__mito	0.0	0.0	True	-0.16607911197537936
BMGR6134__er	0.0	0.0	True	0.06860378204432041
T_FRDPtr__ermem	0.0	0.0	True	0.13867167329126415
R04143__cytop	0.0	0.0	True	0.1412737071080811
R04970__cytop	0.0	0.0	True	0.18855396321463985
PSIc6__lum	0.0	0.0	True	0.00484333221463797
R00127__chlo	0.0	0.0	True	0.13110951444870134
R01845__cytop	0.0	0.0	True	0.8076564492581972
R00087__cytop	0.0	0.0	True	-0.15760302432294976
R00529__mito	0.0	0.0	True	-0.2883575677355325
MGDGS_161_161__chlo	0.0	0.0	True	0.13064261329196009
T_UDPG__chlomem	0.0	0.0	True	0.13947982191188246
R01716__cytop	0.0	0.0	True	0.1706746012389638
R00589__chlo	0.0	0.0	True	1.0
T_FA202COAtr__ermem	0.0	0.0	True	1.0
BMGR3312__lip	0.0	0.0	True	0.9238326234692066
R04426__chlo	0.0	0.0	True	-1.0
BMGR3281__lip	0.0	0.0	True	1.0
BMGR0423__chlo	0.0	0.0	True	0.24965821014453668
T_FA202tr__ermem	0.0	0.0	True	1.0
R02163__mito	0.0	0.0	True	1.0
BMGR6272__chlo	0.0	0.0	True	0.12872276956318407
BMGR1252__ermem	0.0	0.0	True	-0.2236595680262378
R00256__mito	0.0	0.0	True	-0.33022396154844064
R00289__cytop	0.0	0.0	True	-0.0038975340142327944
T_FADtm__mitmem	0.0	0.0	True	6.124980066044927
BMGR0398__chlo	0.0	0.0	True	1.0
BMGR6010__nucl	0.0	0.0	True	-0.11005476673600008
BMGR3277__lip	0.0	0.0	True	0.30604458171671317
R00127__nucl	0.0	0.0	True	-0.12338334505708688
R00127__cytop	0.0	0.0	True	-0.37767537706111737
BMGR1192__ermem	0.0	0.0	True	-0.21618017999222405
BMGR1042__er	0.0	0.0	True	0.3100735160094781
T_GLNtm_1__mitmem	0.0	0.0	True	-0.5219857404816647
R07060__cytop	0.0	0.0	True	0.28590912987007094
BMGR6141__er	0.0	0.0	True	-0.1923705501538637
BMGR1064__er	0.0	0.0	True	0.1225807110018013
BMGR3305__lip	0.0	0.0	True	0.8973614985266484
BMGR6123__er	0.0	0.0	True	0.07030018749540608
R00004__cytop	0.0	0.0	True	-0.23512397730184373
T_dUMPtm__mitmem	0.0	0.0	True	0.9992265340929335
ETBCAROPSII__chlo	0.0	0.0	True	-0.30393322738143635
R08181__cytop	0.0	0.0	True	1.0
BMGR0441__chlo	0.0	0.0	True	0.8816372443057627
SQDGS_160_161__chlo	0.0	0.0	True	0.13927655938479064
BMGR4874__chlomem	0.0	0.0	True	-1.104049270756553
BMGR6141__chlo	0.0	0.0	True	0.024800163968026374
BMGR3258__er	0.0	0.0	True	-0.16763902077879303
T_FADFMNtm__mitmem	0.0	0.0	True	0.999121813810695
TR2000130tr__ermem	0.0	0.0	True	-0.2299228221277136
T_NH4th__chlomem	0.0	0.0	True	0.04813855668139523
R01652__chlo	0.0	0.0	True	-1.0
PKS_C81__cytop	0.0	0.0	True	0.7207756992277322
T_UDPtm__mitmem	0.0	0.0	True	0.1110642916272065
BMGR6343__er	0.0	0.0	True	0.1133377866844802
BMGR0904__chlo	0.0	0.0	True	-0.15248596079250595
FACOAL170__er	0.0	0.0	True	0.15763709730766656
T_FACOA203ytr__ermem	0.0	0.0	True	1.0
R01641__cytop	0.0	0.0	True	0.1399314120054777
BMGR0908__chlo	0.0	0.0	True	0.8706007647247647
R00527__cytop	0.0	0.0	True	0.3160327014097936
R01451__er	0.0	0.0	True	-0.3556458086048361
PSIICSa__chlo	0.0	0.0	True	0.0020881913267835747
TI3000688tm__mitmem	0.0	0.0	True	0.004949375675200453
T_ABCFACOA180th__chlomem	0.0	0.0	True	0.7886019018230429
R03724__er	0.0	0.0	True	1.0
R00258__mito	0.0	0.0	True	1.0200125319622662
BMGR6240__chlo	0.0	0.0	True	0.49790429436366423
BMGR6325__er	0.0	0.0	True	0.12918375412537023
R03655__cytop	0.0	0.0	True	0.14012433463056395
CEF__chlo	0.0	0.0	True	-0.06588932961068696
BMGR3127__chlo	0.0	0.0	True	1.0
R01058__cytop	0.0	0.0	True	-0.43117817464364416
R02272__chlo	0.0	0.0	True	0.13913833547701984
R02094__cytop	0.0	0.0	True	-0.33671222393349304
T_FA170th__chlomem	0.0	0.0	True	0.15763709730766656
BMGR6138__er	0.0	0.0	True	-0.2470263545145994
BMGR3419__chlo	0.0	0.0	True	0.9862087843983969
R02021__cytop	0.0	0.0	True	-0.1908994258210833
PSII__lum	0.0	0.0	True	0.0020146721827930527
DGDGS_205_161__chlo	0.0	0.0	True	0.13083490618108976
R01274__mito	0.0	0.0	True	1.0
R07487__er	0.0	0.0	True	0.13628472770199043
R03990__mito	0.0	0.0	True	0.7006627173506691
BMGR0075__er	0.0	0.0	True	-0.2031157550462417
BMGR4825__chlomem	0.0	0.0	True	-1.2715298007268447
T_4ABUTtm__mitmem	0.0	0.0	True	1.0
T_HCO3tm__mitmem	0.0	0.0	True	0.24183334293504286
T_METth__chlomem	0.0	0.0	True	0.11747961141349177
BMGR0050__chlo	0.0	0.0	True	1.0
BMGR4082__ermem	0.0	0.0	True	0.11492882411687785
R00481__cytop	0.0	0.0	True	0.16056403412058284
R07763__cytop	0.0	0.0	True	-0.043278728165714805
R01652__cytop	0.0	0.0	True	0.37649684606152084
BMGR0080__er	0.0	0.0	True	-0.13879648889032245
BMGR4048__ermem	0.0	0.0	True	-0.28429302608646523
R03004__cytop	0.0	0.0	True	-0.24182219198448585
R07396__chlo	0.0	0.0	True	0.1412737071080811
BMGR5834__lip	0.0	0.0	True	-0.24654436114876616
BMGR6356__er	0.0	0.0	True	0.5171482629544153
T_DNDPt43m__mitmem	0.0	0.0	True	0.9992265340929335
T_BSTSTLtr__ermem	0.0	0.0	True	0.1416297398775497
R01226__mito	0.0	0.0	True	0.3155090109236489
R03038__cytop	0.0	0.0	True	0.13985078174111026
T_CO2tm__mitmem	0.0	0.0	True	-0.3328336957171179
R02331__cytop	0.0	0.0	True	-0.04993091897087991
BMGR4818__ermem	0.0	0.0	True	0.10090831197751379
R12423__mito	0.0	0.0	True	1.0
R07460__chlo	0.0	0.0	True	0.016505061515094233
R01137__cytop	0.0	0.0	True	1.0
BMGR4918__chlomem	0.0	0.0	True	-8.096055498434499
BMGR6878__lip	0.0	0.0	True	-0.43687715274845035
R02413__chlo	0.0	0.0	True	0.13996864820283858
BMGR6335__er	0.0	0.0	True	0.10026131206161454
R00086__cytop	0.0	0.0	True	-0.19919643608764986
R04968__cytop	0.0	0.0	True	0.2786776763414145
R00589__mito	0.0	0.0	True	1.0
T_NADHtr__ermem	0.0	0.0	True	0.24829480352408959
R04429__cytop	0.0	0.0	True	-0.04889531849079381
RXN_21831__er	0.0	0.0	True	0.1452732714885769
R01251__mito	0.0	0.0	True	0.5159397577950643
R00570__cytop	0.0	0.0	True	-0.011311746877724417
BMGR1244__ermem	0.0	0.0	True	-0.2816462478138495
R01361__mito	0.0	0.0	True	0.056042122903143664
R00267__mito	0.0	0.0	True	0.7822587985200035
R04544__chlo	0.0	0.0	True	0.2273445754390585
EX_C00009__dra	0.0	0.0	True	-0.9967415665721868
BMGR3289__lip	0.0	0.0	True	0.9371210624759667
BMGR3354__chlo	0.0	0.0	True	0.9954105557218397
RXN_14381__chlo	0.0	0.0	True	0.016505061515094233
e_SQDG__chlo	0.0	0.0	True	0.1386222545596503
BMGR1061__er	0.0	0.0	True	0.023070233771548525
R10709__chlo	0.0	0.0	True	0.3248103865134303
TR2000103th__chlomem	0.0	0.0	True	0.2000224327836942
T_THMt__plas	0.0	0.0	True	0.16409918125024237
R03660__cytop	0.0	0.0	True	0.13897420444586955
TI3000695t__plas	0.0	0.0	True	-0.24527976306904212
BMGR6137__er	0.0	0.0	True	-0.5218333957183614
R08186__cytop	0.0	0.0	True	0.2251148545176111
MGDGS_205_161__chlo	0.0	0.0	True	0.14268499810418184
R04957__chlo	0.0	0.0	True	0.21667161100187254
R00248__chlo	0.0	0.0	True	-0.007026063845308515
R00156__mito	0.0	0.0	True	-0.5185683675317452
TR2918360th__chlomem	0.0	0.0	True	0.13725466723329863
R03777__mito	0.0	0.0	True	0.7006627173506691
T_FA183ytr__ermem	0.0	0.0	True	0.9904590372266697
R00658__chlo	0.0	0.0	True	-0.829567192605124
BMGR2946__er	0.0	0.0	True	0.19777214381250866
R08767__mito	0.0	0.0	True	0.3331111481419764
BMGR6995__er	0.0	0.0	True	0.2977637238219019
R00342__mito	0.0	0.0	True	-0.011454619491568502
MGDGS_140_160__chlo	0.0	0.0	True	0.14136709438666858
R01163__cytop	0.0	0.0	True	-0.2727588682388133
BMGR6312__er	0.0	0.0	True	0.0002000400080017
R07765__chlo	0.0	0.0	True	0.09090042490631588
R00529__chlo	0.0	0.0	True	-0.34387729060754835
PKS_C143__cytop	0.0	0.0	True	0.7207756992277322
T_O2tu__chlomem	0.0	0.0	True	0.019402442542171036
BMGR5549__er	0.0	0.0	True	-0.25474886667538366
BMGR2160__er	0.0	0.0	True	-0.20926750616601295
R00342__pero	0.0	0.0	True	-1.0
R01213__chlo	0.0	0.0	True	0.03511284527725707
R04534__chlo	0.0	0.0	True	0.2173288645258762
BMGR4844__chlomem	0.0	0.0	True	0.013222554334059559
BMGR1553__er	0.0	0.0	True	0.22659983276404766
BMGR4088__ermem	0.0	0.0	True	-0.22757309434272707
2FE2SR__chlo	0.0	0.0	True	0.11604473745047529
BMGR0037__er	0.0	0.0	True	-0.3581777693727322
BMGR5603__lip	0.0	0.0	True	0.381705772748891
BMGR0157__er	0.0	0.0	True	0.9667592855774941
TR2000106th__chlomem	0.0	0.0	True	-0.0957929599628599
R12173__er	0.0	0.0	True	-0.5408964377017306
R04566__chlo	0.0	0.0	True	0.21740207269535738
R01859__mito	0.0	0.0	True	-0.376857168284119
T_FA140tr__ermem	0.0	0.0	True	-0.22059077741959088
T_CBASPtm__mitmem	0.0	0.0	True	0.3329640432700949
SQDGS_163_163__chlo	0.0	0.0	True	0.010203050813213578
T_NH4tm__mitmem	0.0	0.0	True	0.16947154540675363
T_H2O__plas	0.0	0.0	True	0.9289639584601546
R12658__mito	0.0	0.0	True	0.3331111481419764
R01858__cytop	0.0	0.0	True	1.0
R00569__cytop	0.0	0.0	True	-0.23913930447654305
PKS_C82__cytop	0.0	0.0	True	0.0480130678139648
BMGR3300__lip	0.0	0.0	True	-0.00513969884853368
BMGR6976__lip	0.0	0.0	True	-0.43687715274845035
R05578__chlo	0.0	0.0	True	0.13913833547701984
e_PE__cytop	0.0	0.0	True	0.14060715944856403
DM_C00965__cytop	0.0	0.0	True	-0.4827423995889369
R00529__cytop	0.0	0.0	True	-0.24871947211504813
BMGR6131__ermem	0.0	0.0	True	0.0721779598868252
TR2000134tm__mitmem	0.0	0.0	True	1.0
BMGR1191__ermem	0.0	0.0	True	-0.18682713553640282
R00708__cytop	0.0	0.0	True	-0.3743136807940541
BMGR0055__er	0.0	0.0	True	1.0
R12449__chlo	0.0	0.0	True	-0.14591899528071373
R01274__pero	0.0	0.0	True	1.0
R04954__mito	0.0	0.0	True	1.0
DGTSS_171_205__er	0.0	0.0	True	0.0002000400080017
AGPAT162n4__chlo	0.0	0.0	True	0.27293421970617043
R00274__cytop	0.0	0.0	True	-0.1795883013429169
R01829__chlo	0.0	0.0	True	-0.20524491361509678
BMGR6355__er	0.0	0.0	True	0.5171482629544153
BMGR0046__chlo	0.0	0.0	True	1.0
R07759__er	0.0	0.0	True	0.2488248614583698
rxn28968__er	0.0	0.0	True	0.2968678744687462
BMGR5554__ermem	0.0	0.0	True	-0.35645454556513845
R07179__chlo	0.0	0.0	True	-0.14823311700030012
R00344__mito	0.0	0.0	True	1.0
T_CO2th__chlomem	0.0	0.0	True	0.23992036640809786
BMGR4732__ermem	0.0	0.0	True	1.5661522139116646
R12067__mito	0.0	0.0	True	0.3331111481419764
R07762__cytop	0.0	0.0	True	-0.043278728165714805
BMGR6244__chlo	0.0	0.0	True	0.13850800488904128
RXN_12971__er	0.0	0.0	True	-0.20006401543734442
T_FA181th__chlomem	0.0	0.0	True	-0.5771934850674942
T_ABCFACOA205th__chlomem	0.0	0.0	True	0.13916612696383915
T_PC160160tg__golmem	0.0	0.0	True	-0.1100732575134023
R00895__cytop	0.0	0.0	True	-0.16010282496325934
BMGR0066__er	0.0	0.0	True	1.0
BMGR1300__er	0.0	0.0	True	0.012760785902369903
R04533__chlo	0.0	0.0	True	0.21667161100187254
RXN_20564__chlo	0.0	0.0	True	0.9817908133670035
R04430__mito	0.0	0.0	True	1.0
T_PE182182tr__ermem	0.0	0.0	True	-1.0354864833238329
R01857__mito	0.0	0.0	True	1.0
T_PE180180tr__ermem	0.0	0.0	True	-2.500522043409904
DGTSS_160_182__er	0.0	0.0	True	1.0
BMGR0163__er	0.0	0.0	True	1.0
T_FADH2tm__mitmem	0.0	0.0	True	-6.124980066044927
BMGR0031__chlo	0.0	0.0	True	1.0
BMGR0128__chlo	0.0	0.0	True	0.9993493830341028
BMGR1560__er	0.0	0.0	True	-0.14648172729016481
R00794__cytop	0.0	0.0	True	0.12268546693677479
R04726__chlo	0.0	0.0	True	0.21740207269535738
PKS_C122__cytop	0.0	0.0	True	0.7207756992277322
RXN_10662__cytop	0.0	0.0	True	1.0
R10092__lum	0.0	0.0	True	-0.14890390172950357
R12657__mito	0.0	0.0	True	0.3331111481419764
BMGR6328__er	0.0	0.0	True	0.1133377866844802
PHOA680__chlo	0.0	0.0	True	0.0019923015974989593
BMGR0596__er	0.0	0.0	True	0.012760785902369903
R07215__er	0.0	0.0	True	-0.09325126935368118
R03469__nucl	0.0	0.0	True	-0.1503569100896418
BMGR0410__er	0.0	0.0	True	1.0
BMGR6156__er	0.0	0.0	True	0.08950749611659051
R03276__pero	0.0	0.0	True	-1.0
BMGR0604__er	0.0	0.0	True	0.12849409985668134
R03005__cytop	0.0	0.0	True	-0.24152931594771837
T_PE140140tr__ermem	0.0	0.0	True	-1.3634013508563239
BMGR4064__ermem	0.0	0.0	True	-0.48929587998040697
TZ2900025t__plas	0.0	0.0	True	-0.0
FACOAL202__er	0.0	0.0	True	1.0
MGDGS_205_140__chlo	0.0	0.0	True	0.14328933135163172
T_ADPth__chlomem	0.0	0.0	True	0.006216445717463019
BMGR1552__er	0.0	0.0	True	0.10116754249048904
BMGR6248__chlo	0.0	0.0	True	0.13075574868145812
R02473__mito	0.0	0.0	True	0.11183998398950432
R12255__chlo	0.0	0.0	True	0.1961722488038277
BMGR6252__er	0.0	0.0	True	0.13468425335008616
R03662__cytop	0.0	0.0	True	0.1398559675462873
BMGR3262__lip	0.0	0.0	True	0.10090831197751379
BMGR1559__er	0.0	0.0	True	0.09179686276155151
R00479__mito	0.0	0.0	True	-0.2218465388640672
T_MLNCOAtx__ermem	0.0	0.0	True	0.1199366766096292
BMGR0474__chlo	0.0	0.0	True	0.19034865312049926
RXN_14484__er	0.0	0.0	True	0.10879447410423729
BMGR6685__er	0.0	0.0	True	-0.6973539771875614
R01301__mito	0.0	0.0	True	0.3331111481419764
R01845__chlo	0.0	0.0	True	-0.20522101559328723
R12376__er	0.0	0.0	True	0.13628472770199043
R00087__chlo	0.0	0.0	True	-0.21818142615476394
DGTSS_160_181__er	0.0	0.0	True	-0.333851732111149
R04428__chlo	0.0	0.0	True	0.21667161100187254
BMGR3616__chlo	0.0	0.0	True	0.1405925713876761
T_SUCFUMth__chlomem	0.0	0.0	True	-0.24607501049605568
R03858__mito	0.0	0.0	True	0.7006627173506691
T_FA203COAtr__ermem	0.0	0.0	True	1.0
R00085__cytop	0.0	0.0	True	-0.14664402260955808
BMGR0221__ermem	0.0	0.0	True	-0.16006473349117548
R11060__er	0.0	0.0	True	0.1404996793981952
BMGR0035__chlo	0.0	0.0	True	1.0
T_FA182COAtr__ermem	0.0	0.0	True	0.8805520322903264
R01354__mito	0.0	0.0	True	0.9485232360200715
R01184__cytop	0.0	0.0	True	0.11412632600927898
R02649__chlo	0.0	0.0	True	0.1399656866915234
BMGR6353__er	0.0	0.0	True	-0.34267302438234554
BMGR4912__chlomem	0.0	0.0	True	0.018283600411579715
R09726__cytop	0.0	0.0	True	0.004949375675200453
R01658__chlo	0.0	0.0	True	0.1406743242167811
R00742__mito	0.0	0.0	True	1.0
ETVIOLPSII__chlo	0.0	0.0	True	-0.36865321401316875
e_Lipid__cytop	0.0	0.0	True	0.13957595405608095
PHOA438__chlo	0.0	0.0	True	0.0019923023138513508
BMGR3263__lip	0.0	0.0	True	0.9677524298882652
BMGR0930__chlo	0.0	0.0	True	-0.45864923050631595
R03648__cytop	0.0	0.0	True	0.14004058836812674
R00236__cytop	0.0	0.0	True	0.09800435239453453
BMGR6263__er	0.0	0.0	True	0.19777214381250866
R01175__mito	0.0	0.0	True	-0.23249702516107412
R03200__er	0.0	0.0	True	0.14026609178251226
BMGR5369__er	0.0	0.0	True	0.03650997843916209
R03460__chlo	0.0	0.0	True	0.13996864820283858
R08176__cytop	0.0	0.0	True	1.0
R03646__cytop	0.0	0.0	True	0.1399656866915234
RXN_21317__cytop	0.0	0.0	True	0.13700535529522354
BMGR4889__chlomem	0.0	0.0	True	-0.08528054385694053
R03013__cytop	0.0	0.0	True	0.14012433463056395
R00472__pero	0.0	0.0	True	-0.1041784130372344
PHOA646__chlo	0.0	0.0	True	0.0019951423180371687
R02472__mito	0.0	0.0	True	0.11183998398950432
BMGR6400__er	0.0	0.0	True	0.11464080699994439
R01954__cytop	0.0	0.0	True	0.1399656866915234
R02014__cytop	0.0	0.0	True	-1.0
R01523__chlo	0.0	0.0	True	0.09949692966602167
R00727__mito	0.0	0.0	True	-0.06353991439487461
R01706__chlo	0.0	0.0	True	0.06426608454482807
R01123__chlo	0.0	0.0	True	-1.2836192414090462
R00093__mito	0.0	0.0	True	-0.6339241766535454
R10782__mito	0.0	0.0	True	1.0
R00200__cytop	0.0	0.0	True	-0.27650075272844493
R08159__chlo	0.0	0.0	True	0.30022637888846365
R07486__er	0.0	0.0	True	0.13628472770199043
R04962__chlo	0.0	0.0	True	0.46267129862477613
BMGR3609__lip	0.0	0.0	True	-0.18500863542501295
R01280__er	0.0	0.0	True	-0.11287612976862417
RXN_17017__chlo	0.0	0.0	True	0.029213926029147682
BMGR3607__er	0.0	0.0	True	0.024538440472107844
R10170__chlo	0.0	0.0	True	-0.09470871348859548
R01220__cytop	0.0	0.0	True	0.10669532171200406
BMGR6265__er	0.0	0.0	True	0.19777214381250866
BMGR6359__chlo	0.0	0.0	True	-0.46629651689937096
BMGR0046__er	0.0	0.0	True	-0.2292113095989134
RXN_14387__mito	0.0	0.0	True	1.0
R03197__chlo	0.0	0.0	True	0.1413961557777474
BMGR5346__er	0.0	0.0	True	-0.13634313759694158
RXN_16095__er	0.0	0.0	True	-0.3113696911436589
HEPACPH__chlo	0.0	0.0	True	0.15763709730766656
R01626__mito	0.0	0.0	True	1.0
R01529__cytop	0.0	0.0	True	0.08561203829221575
R08175__cytop	0.0	0.0	True	1.0
R00366__cytop	0.0	0.0	True	-0.5070402909962196
R01138__cytop	0.0	0.0	True	1.0
T_PC160160tr__ermem	0.0	0.0	True	0.33106726025655614
BMGR0475__chlo	0.0	0.0	True	0.13365831538374306
R10178__mito	0.0	0.0	True	0.19473751560828123
R11044__er	0.0	0.0	True	0.4673465712145782
R07764__cytop	0.0	0.0	True	-0.043278728165714805
R01397__cytop	0.0	0.0	True	0.14050677215133564
TR6900007tm__mitmem	0.0	0.0	True	0.6210586583848414
Cytochrome_C_Reductase__mitmem	0.0	0.0	True	-0.012323652116714809
R01858__mito	0.0	0.0	True	1.0
R00343__chlo	0.0	0.0	True	-0.11796339119864556
BMGR1072__er	0.0	0.0	True	-0.1314901310704575
DGHSS_160_205__er	0.0	0.0	True	0.13513234611217173
TR2000137tm__mitmem	0.0	0.0	True	0.9951425009354772
R00842__chlo	0.0	0.0	True	0.6848635525219617
BMGR0009__er	0.0	0.0	True	0.0
T_ALAtx__permem	0.0	0.0	True	-0.6344425227763225
R00357__cytop	0.0	0.0	True	-0.21398597564535124
R04355__cytop	0.0	0.0	True	0.10871908086984579
BMGR3309__lip	0.0	0.0	True	-0.32896064122258156
T_VALt2m__mitmem	0.0	0.0	True	0.11183998398950432
T_PE205__ermem	0.0	0.0	True	0.1619950163324855
R04961__chlo	0.0	0.0	True	0.011511313955215404
R10707__chlo	0.0	0.0	True	0.21667161100187254
BMGR2962__er	0.0	0.0	True	-6.7762635780344e-17
R03270__mito	0.0	0.0	True	-0.2649792048430262
BMGR5833__lip	0.0	0.0	True	-0.2300153007201969
R04568__cytop	0.0	0.0	True	0.2786776763414145
R00216__cytop	0.0	0.0	True	0.008286518212652203
R07618__mito	0.0	0.0	True	-0.34730752012196836
R00256__chlo	0.0	0.0	True	-0.2658321723204423
R02016__cytop	0.0	0.0	True	-0.2631823710031436
R04749__mito	0.0	0.0	True	0.7006627173506691
R12757__cytop	0.0	0.0	True	0.139773515285215
R00235__chlo	0.0	0.0	True	0.2030045926750387
R01899__mito	0.0	0.0	True	0.5789361695256171
R03066__cytop	0.0	0.0	True	0.17067460123896375
R00355__mito	0.0	0.0	True	0.13838535261501064
R12371__er	0.0	0.0	True	0.1331016769904821
RXN_16024__chlo	0.0	0.0	True	0.02795868752473219
MGDGS_182_162__chlo	0.0	0.0	True	0.0
T_PC182182tr__ermem	0.0	0.0	True	-0.21546991266354917
ETANTHPSI__chlo	0.0	0.0	True	0.15936222641651437
BMGR3616__er	0.0	0.0	True	-0.27207086693227844
BMGR6132__ermem	0.0	0.0	True	0.0404380182073112
BMGR6339__er	0.0	0.0	True	0.19314689923512438
BMGR6270__chlo	0.0	0.0	True	0.13570522482151148
T_SLC25A17__ATP_AMPtx__permem	0.0	0.0	True	0.38396591074949094
BMGR4755__ermem	0.0	0.0	True	0.9866021726277109
RXN_14485__er	0.0	0.0	True	0.10879447410423729
R00274__chlo	0.0	0.0	True	-0.3641550082299851
R04966__cytop	0.0	0.0	True	0.1891265339488057
R01274__chlo	0.0	0.0	True	-0.16748430974164707
BMGR0193__er	0.0	0.0	True	0.9983279331094391
R04968__chlo	0.0	0.0	True	0.2273445754390585
BMGR4917__chlomem	0.0	0.0	True	0.0
R04326__cytop	0.0	0.0	True	0.31874132943094907
RXN_11887__er	0.0	0.0	True	0.22253318259737864
BMGR6136__er	0.0	0.0	True	0.06860378204432041
T_GLYtx__permem	0.0	0.0	True	-0.6344425227763225
BMGR3618__er	0.0	0.0	True	0.024538440472107844
T_SERt2h__chlomem	0.0	0.0	True	0.15005065838446163
R03313__cytop	0.0	0.0	True	-0.3079829039503844
BMGR6304__er	0.0	0.0	True	0.17669208321566432
R00084__chlo	0.0	0.0	True	0.1413961557777474
BMGR0414__er	0.0	0.0	True	-0.3332027662102727
R00200__mito	0.0	0.0	True	0.11247634344612707
BMGR0007__er	0.0	0.0	True	0.1514436224416364
T_ABCFACOA182th__chlomem	0.0	0.0	True	0.8805405151196712
BMGR1863__er	0.0	0.0	True	0.1002527490025175
T_PE180180tg__golmem	0.0	0.0	True	-0.22029646501409195
R01843__cytop	0.0	0.0	True	1.0
R03186__cytop	0.0	0.0	True	-0.30222792616912947
R00372__pero	0.0	0.0	True	-0.6344425227763225
R03657__cytop	0.0	0.0	True	0.13991559310909008
R07559__chlo	0.0	0.0	True	0.1334869837911361
TO0000021t__plas	0.0	0.0	True	0.14517057989417284
BMGR7036__er	0.0	0.0	True	0.07764223927617762
BMGR0035__er	0.0	0.0	True	1.0
BMGR5824__lip	0.0	0.0	True	-0.2097604191509058
R08161__chlo	0.0	0.0	True	0.33285668292907
R05553__cytop	0.0	0.0	True	0.1706746012389638
R04031__cytop	0.0	0.0	True	0.1961722488038277
T_FALDtm__mitmem	0.0	0.0	True	0.3160327014097936
R04970__chlo	0.0	0.0	True	0.1122198351983287
T_PPCOAtm__mitmem	0.0	0.0	True	1.2738294356961823
BMGR6145__ermem	0.0	0.0	True	0.08950749611659051
T_ACtx__permem	0.0	0.0	True	-0.13526624446471575
R00112__chlo	0.0	0.0	True	0.0037593166256653147
R01280__mito	0.0	0.0	True	1.0
R04954__cytop	0.0	0.0	True	0.28900603433407285
R04964__cytop	0.0	0.0	True	0.2786776763414145
BMGR6313__er	0.0	0.0	True	0.15622530977203078
T_H2O2tm__mitmem	0.0	0.0	True	-0.08835615521864924
BMGR6987__lip	0.0	0.0	True	0.024053425756127764
R02874__er	0.0	0.0	True	0.14026609178251226
R00833__mito	0.0	0.0	True	0.13953880585449485
BMGR1551__er	0.0	0.0	True	0.11596384590523336
R09395__cytop	0.0	0.0	True	0.004949375675200453
R01529__chlo	0.0	0.0	True	0.09970205101354741
BMGR6383__er	0.0	0.0	True	0.0009008107296566312
R00206__cytop	0.0	0.0	True	-0.0218436235417491
BMGR0037__chlo	0.0	0.0	True	1.0
T_SAMT1tm__mitmem	0.0	0.0	True	0.14476726881425028
R04543__chlo	0.0	0.0	True	0.2273445754390585
BMGR6158__er	0.0	0.0	True	-0.1385500238707424
BMGR0036__chlo	0.0	0.0	True	1.0
BMGR0405__chlo	0.0	0.0	True	0.7208846962756484
MGDGS_181_160__chlo	0.0	0.0	True	0.05249309301407721
R00112__cytop	0.0	0.0	True	-0.35140293268950745
PKS_C164__cytop	0.0	0.0	True	0.0480130678139648
BMGR4725__ermem	0.0	0.0	True	1.848492336738558
BMGR4733__ermem	0.0	0.0	True	0.035498682750967174
R05341__chlo	0.0	0.0	True	0.13180771457550658
R00508__cytop	0.0	0.0	True	1.0
BMGR0222__ermem	0.0	0.0	True	-0.31459200113252933
R04745__mito	0.0	0.0	True	0.7006627173506691
BMGR6404__lip	0.0	0.0	True	-0.2843031436490316
SQDGS_160_181__chlo	0.0	0.0	True	0.0
T_SOXth__chlomem	0.0	0.0	True	-1.2817375558670483
BMGR0198__er	0.0	0.0	True	1.0
R00006__chlo	0.0	0.0	True	0.06160841277962166
R00659__mito	0.0	0.0	True	0.4361206848432345
R00965__cytop	0.0	0.0	True	0.14050677215133564
BMGR6345__er	0.0	0.0	True	0.008522010992890015
R00710__chlo	0.0	0.0	True	-0.11378374020629055
T_PC203160tr__ermem	0.0	0.0	True	0.1133377866844802
R04208__cytop	0.0	0.0	True	0.1405546004154987
R00185__cytop	0.0	0.0	True	0.3512250163678013
BMGR2264__er	0.0	0.0	True	0.005550372508459085
T_ATPtn__nucmem	0.0	0.0	True	-0.12467562527801107
TI2903792tm__mitmem	0.0	0.0	True	0.3240090173418529
T_PC182182tg__golmem	0.0	0.0	True	-0.2816462478138495
R04199__chlo	0.0	0.0	True	0.631655091400602
R01655__cytop	0.0	0.0	True	-0.6138743765907005
R11061__chlo	0.0	0.0	True	0.1961722488038277
TO0000254t__plas	0.0	0.0	True	0.14240510762857164
R03652__cytop	0.0	0.0	True	0.13901487257486195
R03991__mito	0.0	0.0	True	0.7006627173506691
TI3000142th__chlomem	0.0	0.0	True	0.06632544252505874
R00790__chlo	0.0	0.0	True	0.12268546693677479
PKS_C205__cytop	0.0	0.0	True	0.0480130678139648
R07618__chlo	0.0	0.0	True	0.1251850076064939
T_FA161th__chlomem	0.0	0.0	True	-0.3655239875996952
T_HOMStm__mitmem	0.0	0.0	True	0.13980382159151847
T_SAMtr__ermem	0.0	0.0	True	0.13976978299236775
BMGR0259__ermem	0.0	0.0	True	-0.22285373541536346
BMGR5829__lip	0.0	0.0	True	-0.33547620710143566
e_DAG__er	0.0	0.0	True	0.1409127973503979
BMGR6370__er	0.0	0.0	True	0.007708973648410373
BMGR1274__er	0.0	0.0	True	0.3723332351715574
RXN_11876__er	0.0	0.0	True	0.1452732714885769
BMGR6384__er	0.0	0.0	True	0.04479561185843028
T_MLTHFtm__mitmem	0.0	0.0	True	0.4522655469921497
R01354__cytop	0.0	0.0	True	-0.040259524182810806
T_FA181tr__ermem	0.0	0.0	True	-0.069738655765611
BMGR4792__ermem	0.0	0.0	True	-0.5237432791494139
R09502__chlo	0.0	0.0	True	-0.3680777603661116
R02019__cytop	0.0	0.0	True	1.0
BMGR0441__er	0.0	0.0	True	-0.13561756225598703
BMGR0160__er	0.0	0.0	True	-0.3800751849787887
R01870__cytop	0.0	0.0	True	0.14050677215133564
TO1000009__chlomem	0.0	0.0	True	-0.22068694665362948
BMGR5662__er	0.0	0.0	True	-0.34518597558522207
R02340__chlo	0.0	0.0	True	0.2797094975009786
BMGR4121__ermem	0.0	0.0	True	-0.20940192899155868
BMGR0006__er	0.0	0.0	True	0.0
R00190__cytop	0.0	0.0	True	-0.4173718722404623
R00189__cytop	0.0	0.0	True	0.16056403412058284
R07324__cytop	0.0	0.0	True	0.1426356571779362
DM_C00123__cytop	0.0	0.0	True	-0.3539439701193723
MGDGS_181_140__chlo	0.0	0.0	True	0.13738954881178359
BMGR1967__er	0.0	0.0	True	-0.23197485455770844
T_ACACtm__mitmem	0.0	0.0	True	0.004067608362123956
R03012__cytop	0.0	0.0	True	-0.2727588682388133
R00214__mito	0.0	0.0	True	1.0
BMGR0010__er	0.0	0.0	True	0.0
R07463__chlo	0.0	0.0	True	-0.37120897388812096
BMGR0198__chlo	0.0	0.0	True	1.0
R03845_hn646__chlo	0.0	0.0	True	-1.0
BMGR0051__chlo	0.0	0.0	True	1.0
R04420__cytop	0.0	0.0	True	0.1412737071080811
BMGR0931__chlo	0.0	0.0	True	0.1096777773154123
R11372__mito	0.0	0.0	True	0.004949375675200453
T_3IPMMth__chlomem	0.0	0.0	True	0.37649684606152084
R03270__chlo	0.0	0.0	True	0.20562021729086222
R04959__cytop	0.0	0.0	True	0.43960890797420993
BMGR0199__er	0.0	0.0	True	0.9985344872715605
BMGR0169__chlo	0.0	0.0	True	1.0
R08193__cytop	0.0	0.0	True	0.1327914814080596
BMGR6263__chlo	0.0	0.0	True	0.29491744901262545
T_PE161161tg__golmem	0.0	0.0	True	-0.31459200113252933
R01361__pero	0.0	0.0	True	1.0
BMGR3362__er	0.0	0.0	True	0.005550372508459085
R00572__mito	0.0	0.0	True	-0.04248330737212741
TR2000061th__chlomem	0.0	0.0	True	-0.025085681530379527
T_MALOAAtx__permem	0.0	0.0	True	0.9988386919123102
R01280__cytop	0.0	0.0	True	0.03852570095713332
T_PHEth__chlomem	0.0	0.0	True	0.13897420444586955
BMGR4861__chlomem	0.0	0.0	True	0.5498550276928045
R02092__cytop	0.0	0.0	True	-0.33713657365316513
T_CYSth__chlomem	0.0	0.0	True	-0.1309041207268878
R00402__cytop	0.0	0.0	True	-0.370631327056333
R00137__cytop	0.0	0.0	True	-0.2825620205357026
R00160__cytop	0.0	0.0	True	0.998776114094281
R09281__mito	0.0	0.0	True	-1.0
BMGR6986__lip	0.0	0.0	True	-0.24934975852699978
R12449__mito	0.0	0.0	True	-0.2679296614128067
DGTSS_161_181__er	0.0	0.0	True	0.18243492912780673
T_PC161161tr__ermem	0.0	0.0	True	-1.074452890598056
BMGR6253__chlo	0.0	0.0	True	0.15662245214474602
R06267__chlo	0.0	0.0	True	0.14240510762857164
R01771__cytop	0.0	0.0	True	-0.07498482410500698
BMGR0054__chlo	0.0	0.0	True	1.0
R04030__pero	0.0	0.0	True	0.1961722488038277
BMGR0192__chlo	0.0	0.0	True	1.0
BMGR0547__chlo	0.0	0.0	True	0.14933203526421127
R04144__cytop	0.0	0.0	True	0.1405546004154987
RXN_11884__er	0.0	0.0	True	0.1452732714885769
R00754__cytop	0.0	0.0	True	-0.3491130633937146
R00465__pero	0.0	0.0	True	0.24344353332412697
R00472__mito	0.0	0.0	True	-0.6205533662832351
SQDGS_182_160__chlo	0.0	0.0	True	0.3300967645396203
NGAM_D1__chlo	0.0	0.0	True	0.009325983396414807
R00220__cytop	0.0	0.0	True	-0.2823977027587391
RXN_12994__er	0.0	0.0	True	0.13820357733344787
R07394__cytop	0.0	0.0	True	0.3003936046779435
BMGR6686__chlo	0.0	0.0	True	0.15608607060795707
e_TAG__lip	0.0	0.0	True	0.08955469310617152
T_H2Sth__chlomem	0.0	0.0	True	-0.16010282496325934
RXN_14390__chlo	0.0	0.0	True	0.016505061515094233
R00024__chlo	0.0	0.0	True	0.09949692966602167
RXN_15045__er	0.0	0.0	True	-0.135619387175979
R00103__cytop	0.0	0.0	True	-0.2825620205357026
R03659__cytop	0.0	0.0	True	0.14037706232160635
BMGR5606__lip	0.0	0.0	True	0.9449402056586854
RXN_16096__er	0.0	0.0	True	-0.31136389577694995
I4FE4SS__mito	0.0	0.0	True	1.0
BMGR6333__er	0.0	0.0	True	0.16831528935275336
SQDGS_181_181__chlo	0.0	0.0	True	0.12417022185499346
RXN_14391__mito	0.0	0.0	True	1.0
I4FE4SS__chlo	0.0	0.0	True	-0.18525834484820064
T_VTC__vacmem	0.0	0.0	True	-1.0
R01179__cytop	0.0	0.0	True	0.13962918713406772
R02100__cytop	0.0	0.0	True	-0.059162628408167835
TZ2900062t__plas	0.0	0.0	True	-0.9986832766336853
MGDGS_161_183__chlo	0.0	0.0	True	0.04074517354425773
T_ALAtm__mitmem	0.0	0.0	True	-0.5993841591293245
T_THRth__chlomem	0.0	0.0	True	-0.0835426139055923
BMGR0405__er	0.0	0.0	True	0.9990426290043345
T_FRDPth__chlomem	0.0	0.0	True	0.1386716732912641
BMGR4846__chlomem	0.0	0.0	True	-1.0
TR2900000tm__mitmem	0.0	0.0	True	-2.5107071122241305
R03026__mito	0.0	0.0	True	0.9549670083229046
R04536__chlo	0.0	0.0	True	0.21667161100187254
FACOAL202__cytop	0.0	0.0	True	1.0
BMGR3275__lip	0.0	0.0	True	0.9868954154391457
DGTSS_161_205__er	0.0	0.0	True	0.1302540759787615
R01775__chlo	0.0	0.0	True	-1.0
BMGR0034__er	0.0	0.0	True	-0.3365668574815029
RXN_16380__er	0.0	0.0	True	-0.10897017165097342
PKS_C101__cytop	0.0	0.0	True	0.7207756992277322
BMGR1957__er	0.0	0.0	True	0.279836180968836
T_PE182182tg__golmem	0.0	0.0	True	-0.25512349516065674
BMGR6243__chlo	0.0	0.0	True	0.15811112076203737
RXN_13441__er	0.0	0.0	True	0.13820357733344787
MGDGS_183_163__chlo	0.0	0.0	True	0.12872276956318407
BMGR4740__ermem	0.0	0.0	True	-0.3061863497534759
RXN_21836__er	0.0	0.0	True	0.145273271488577
BMGR1227__ermem	0.0	0.0	True	-0.29354145308221974
BMGR4834__chlomem	0.0	0.0	True	-1.0
T_FADth__chlomem	0.0	0.0	True	-0.5798616198365965
T_ACACtx__permem	0.0	0.0	True	-1.0
DGTSS_204_205__er	0.0	0.0	True	0.13076762159992325
SQDGS_140_161__chlo	0.0	0.0	True	0.3294778475753648
T_Diphosphate__ermem	0.0	0.0	True	-0.03297685838325123
DGHSS_140_205__er	0.0	0.0	True	0.1403530207136979
e_Protein__cytop	0.0	0.0	True	0.13947793723733065
R00345__mito	0.0	0.0	True	-0.6203709335722135
R04109__chlo	0.0	0.0	True	0.13913833547701984
T_FA162COAtr__ermem	0.0	0.0	True	-0.6166361146765337
BMGR5560__ermem	0.0	0.0	True	-0.20897130477458223
BMGR6380__chlo	0.0	0.0	True	0.009744029888423367
BMGR6275__chlo	0.0	0.0	True	0.20136956129988168
R01280__pero	0.0	0.0	True	1.0
BMGR6835__lip	0.0	0.0	True	-0.1422355626452293
PKS_C61__cytop	0.0	0.0	True	0.0480232838448802
R01830__cytop	0.0	0.0	True	0.1399314120054777
R04150__pero	0.0	0.0	True	0.03905486047799074
R04543__cytop	0.0	0.0	True	0.2786776763414145
T_SLC25A17_COA_FADtx__permem	0.0	0.0	True	1.0
R09504__mito	0.0	0.0	True	0.08998029910833111
R04786__chlo	0.0	0.0	True	0.13180771457550658
R04955__mito	0.0	0.0	True	1.0
TR0000150t__plas	0.0	0.0	True	0.013993104846887143
BMGR4795__ermem	0.0	0.0	True	0.9514279793773311
BMGR6249__chlo	0.0	0.0	True	0.13075574868145812
R03035__mito	0.0	0.0	True	-0.1556319461620368
BMGR6250__chlo	0.0	0.0	True	0.13075574868145812
T_HCO3tl__chlomem	0.0	0.0	True	-0.14901500397415834
T_NADth__chlomem	0.0	0.0	True	0.24915926641842873
T_PC161180tr__ermem	0.0	0.0	True	-4.366462986647504
BMGR6362__er	0.0	0.0	True	0.1579937757834555
R04740__mito	0.0	0.0	True	0.7006627173506691
BMGR0039__chlo	0.0	0.0	True	1.0
R00767__cytop	0.0	0.0	True	1.0
MGDGS_182_205__chlo	0.0	0.0	True	0.29491744901262545
DGHSS_160_204__er	0.0	0.0	True	0.1977721438125086
T_PPAtm__mitmem	0.0	0.0	True	0.9485232360200715
DGTSS_160_205__er	0.0	0.0	True	0.13513234611217173
R03118__cytop	0.0	0.0	True	0.09032901025318103
BMGR6140__er	0.0	0.0	True	0.20749238203226808
R00130__mito	0.0	0.0	True	0.3288595063286935
BMGR1517__chlo	0.0	0.0	True	0.15888424745943097
BMGR4752__ermem	0.0	0.0	True	-0.19029054036394524
BMGR6294__chlo	0.0	0.0	True	0.3996888606673504
T_FA180tr__ermem	0.0	0.0	True	-0.10897017165097342
BMGR6338__er	0.0	0.0	True	1.0
BMGR3251__er	0.0	0.0	True	0.08579519186408975
T_PE181181tr__ermem	0.0	0.0	True	-1.9949853017331454
BMGR6241__chlo	0.0	0.0	True	0.15811112076203732
BMGR0131__chlo	0.0	0.0	True	0.9981544179799275
TR2900128tm__mitmem	0.0	0.0	True	-0.09479797488193653
R01108__chlo	0.0	0.0	True	-0.21785051576855322
R08924__mito	0.0	0.0	True	-0.4684238197254826
BMGR0602__er	0.0	0.0	True	0.26790921770001275
R06265__chlo	0.0	0.0	True	0.14240510762857164
RXN0_7187__chlo	0.0	0.0	True	-0.4541044678818542
BMGR5551__er	0.0	0.0	True	-0.24544158245788464
BMGR4811__ermem	0.0	0.0	True	-0.33340672741826644
T_FACOA163tr__ermem	0.0	0.0	True	0.09097935288036668
DGTSS_140_205__er	0.0	0.0	True	0.1403530207136979
T_PC161183ytr__ermem	0.0	0.0	True	0.17580199494405135
R02918__cytop	0.0	0.0	True	0.14073288732914152
R01230__cytop	0.0	0.0	True	0.2297723290257959
BMGR0214__chlo	0.0	0.0	True	-0.08528054385694053
PKS_C40__cytop	0.0	0.0	True	1.0
R01818__cytop	0.0	0.0	True	0.1361787228388293
BMGR0494__chlo	0.0	0.0	True	0.14933203526421132
R04430__cytop	0.0	0.0	True	0.2950562175232332
R12171__er	0.0	0.0	True	-0.37862368959757203
BMGR3400__er	0.0	0.0	True	0.279836180968836
BMGR6283__er	0.0	0.0	True	1.0
BMGR4754__ermem	0.0	0.0	True	0.8973614985266484
R00087__mito	0.0	0.0	True	-0.14267676746920535
R01070__cytop	0.0	0.0	True	2.3102051981885814
BMGR6988__lip	0.0	0.0	True	-0.48968501517632695
DGTSS_205_184__er	0.0	0.0	True	0.04479561185843028
R01177__mito	0.0	0.0	True	0.7006627173506691
R01015__chlo	0.0	0.0	True	0.08162854520427733
PHOA450__chlo	0.0	0.0	True	0.001982156078547933
R04726__cytop	0.0	0.0	True	0.278648280525361
R02199__chlo	0.0	0.0	True	-0.06278652549253683
BMGR6680__er	0.0	0.0	True	1.0
R01514__chlo	0.0	0.0	True	1.0
R00939__cytop	0.0	0.0	True	0.15439163560803432
R00372__cytop	0.0	0.0	True	-0.3847404874454397
T_TYRt2m__mitmem	0.0	0.0	True	0.059669948229240696
BMGR5552__ermem	0.0	0.0	True	-0.24544158245788464
R01083__cytop	0.0	0.0	True	0.9695204541824876
T_AHCYS__ermem	0.0	0.0	True	0.13932948064277872
R02814__chlo	0.0	0.0	True	-0.5771934850674942
R04535__cytop	0.0	0.0	True	0.2786776763414145
BMGR5550__ermem	0.0	0.0	True	-0.25474886667538366
R02098__mito	0.0	0.0	True	0.9992265340929335
BMGR0274__ermem	0.0	0.0	True	-0.22029646501409195
R08689__chlo	0.0	0.0	True	0.13975255926769775
BMGR6371__er	0.0	0.0	True	0.009081735620585348
FACOAL200__cytop	0.0	0.0	True	1.0
T_NADPHtr__ermem	0.0	0.0	True	0.07714115258321391
BMGR0273__ermem	0.0	0.0	True	-0.33034486177062306
R06272__chlo	0.0	0.0	True	0.055411868977517646
BMGR1175__ermem	0.0	0.0	True	-0.18243583145627368
TZ2900003th__chlomem	0.0	0.0	True	-0.8898998121077942
EX_C00001__dra	0.0	0.0	True	0.9289639584601546
T_FA170tr__ermem	0.0	0.0	True	0.15763709730766656
BMGR3880__ermem	0.0	0.0	True	0.279836180968836
R02093__mito	0.0	0.0	True	-0.21477419753726798
T_CMPtr__ermem	0.0	0.0	True	0.13917960008590388
BMGR4799__ermem	0.0	0.0	True	-0.4796967464215044
BMGR4787__ermem	0.0	0.0	True	-1.0
BMGR3903__ermem	0.0	0.0	True	0.279836180968836
MGDGS_204_205__chlo	0.0	0.0	True	0.15261226763656852
R03222__chlo	0.0	0.0	True	0.1413961557777474
BMGR0424__er	0.0	0.0	True	-0.34518597558522207
BMGR6893__lip	0.0	0.0	True	-0.1898677904796938
R01663__cytop	0.0	0.0	True	-0.6045795663245909
T_5MTAtr__ermem	0.0	0.0	True	0.1412737071080811
R03036__mito	0.0	0.0	True	-0.15577995180112783
DGHSS_140_204__er	0.0	0.0	True	0.002757583354224182
SQDGS_161_160__chlo	0.0	0.0	True	0.1396558239411696
BMGR3280__lip	0.0	0.0	True	0.9756047957412283
BMGR6401__er	0.0	0.0	True	0.17669208321566432
R05636__chlo	0.0	0.0	True	0.13975255926769775
BMGR6314__er	0.0	0.0	True	0.15622530977203072
T_DGLYCth__chlomem	0.0	0.0	True	1.0
R00465__cytop	0.0	0.0	True	-0.3392660421686514
T_FA203tr__ermem	0.0	0.0	True	1.0
R01827__chlo	0.0	0.0	True	0.952001878587752
BMGR2986__chlo	0.0	0.0	True	0.9009599847923202
BMGR4815__ermem	0.0	0.0	True	-0.21031718694650026
R01773__chlo	0.0	0.0	True	1.0
PRISM_solar_litho__extr	0.0	0.0	True	0.0019922996113837066
BMGR0049__chlo	0.0	0.0	True	1.0
TZ3100002t__plas	0.0	0.0	True	0.7946673431279789
BMGR3303__lip	0.0	0.0	True	-0.19037964350616848
BMGR4827__chlomem	0.0	0.0	True	-1.8295208360227242
RXN_16380__mito	0.0	0.0	True	1.0
DGHSS_205_205__er	0.0	0.0	True	0.13773367122799984
R10053__cytop	0.0	0.0	True	0.11412632600927898
BMGR6321__er	0.0	0.0	True	0.12402490839197004
BMGR6153__er	0.0	0.0	True	0.11371198385803816
TO0000205t__plas	0.0	0.0	True	-0.2788980323261716
R00330__cytop	0.0	0.0	True	-0.22395953119841638
PKS_C204__cytop	0.0	0.0	True	0.7207756992277322
DM_C00183__cytop	0.0	0.0	True	-0.005986991179103057
R12427__mito	0.0	0.0	True	1.0
R00571__cytop	0.0	0.0	True	0.32696699707695054
R01209__chlo	0.0	0.0	True	0.06160841277962166
R00216__chlo	0.0	0.0	True	0.0903541139869366
BMGR3260__lip	0.0	0.0	True	0.214081245022897
BMGR6135__er	0.0	0.0	True	0.06860378204432041
R00548__cytop	0.0	0.0	True	1.0
BMGR6341__er	0.0	0.0	True	0.1133377866844802
BMGR6373__er	0.0	0.0	True	0.009081735620585348
BMGR1057__er	0.0	0.0	True	0.07800819960433733
BMGR6246__chlo	0.0	0.0	True	0.15963036782025747
T_FA160COAtm__mitmem	0.0	0.0	True	0.7006627173506691
BMGR4775__ermem	0.0	0.0	True	-0.10586861041798656
BMGR3285__lip	0.0	0.0	True	-0.3829335764622415
BMGR0078__er	0.0	0.0	True	-0.28602989224915143
R05688__chlo	0.0	0.0	True	0.13975255926769775
SQDGS_161_161__chlo	0.0	0.0	True	0.132802174980176
BMGR3835__ermem	0.0	0.0	True	-0.3092865100690915
R04237__chlo	0.0	0.0	True	0.14240510762857164
R00515__mito	0.0	0.0	True	-0.2437082653832598
T_CYStm__mitmem	0.0	0.0	True	0.480095178662509
BMGR6127__ermem	0.0	0.0	True	0.17203673928849236
BMGR1549__er	0.0	0.0	True	0.004217714400482084
R04536__mito	0.0	0.0	True	1.0
R00573__cytop	0.0	0.0	True	-0.970360368711757
DGHSS_140_161__er	0.0	0.0	True	0.05568751649511749
T_NADH__chlomem	0.0	0.0	True	0.24915820299073663
DGHSS_160_161__er	0.0	0.0	True	0.14539009123032098
BMGR6133__er	0.0	0.0	True	0.1271283248050483
T_AMPtn__nucmem	0.0	0.0	True	-0.12338334505708688
T_IPDPtr__ermem	0.0	0.0	True	0.1322405496513214
R03321__cytop	0.0	0.0	True	-0.8053686836936422
R03314__cytop	0.0	0.0	True	-0.33579327282462723
R03348__cytop	0.0	0.0	True	0.16056403412058284
BMGR0091__er	0.0	0.0	True	-0.19029054036394524
R10245__chlo	0.0	0.0	True	-0.37120897388812096
R02237__cytop	0.0	0.0	True	0.1706746012389638
BMGR6146__ermem	0.0	0.0	True	0.1271283248050483
R01728__cytop	0.0	0.0	True	0.13990707279297881
BMGR6317__er	0.0	0.0	True	0.14066091794687371
R04463__cytop	0.0	0.0	True	0.1405546004154987
R02735__chlo	0.0	0.0	True	0.13988672976679845
R12300__mito	0.0	0.0	True	1.0
BMGR1561__er	0.0	0.0	True	-0.23021847901873888
R01561__cytop	0.0	0.0	True	-0.8728726848849397
R03508__chlo	0.0	0.0	True	0.14070278892164936
BMGR5449__er	0.0	0.0	True	0.12384279312395524
e_Cofactor__cytop	0.0	0.0	True	0.13919073360208425
T_CO2__plas	0.0	0.0	True	0.11659153691851722
T_BHBtx__permem	0.0	0.0	True	-1.0
T_METtm__mitmem	0.0	0.0	True	0.6241948458959595
rxn05736__er	0.0	0.0	True	-0.22059077741959088
R01361__cytop	0.0	0.0	True	-1.3249929880847544
T_PC181161tr__ermem	0.0	0.0	True	-1.0223878571292018
T_PC160183tr__ermem	0.0	0.0	True	-0.2876673125009304
MGDGS_161_181__chlo	0.0	0.0	True	0.13884407326563536
FACOAL183y__cytop	0.0	0.0	True	0.9917537348297376
FACOAL203__cytop	0.0	0.0	True	1.0
T_H2Otr__ermem	0.0	0.0	True	-0.18482035388664042
T_PItn__nucmem	0.0	0.0	True	-0.1310495479531158
R04426__cytop	0.0	0.0	True	0.37649684606152084
R00036__chlo	0.0	0.0	True	0.1391343359275946
T_PE205181__ermem	0.0	0.0	True	0.20216389501101978
R00081__mito	0.0	0.0	True	-0.012323690645738232
RXN_21837__er	0.0	0.0	True	0.1452732714885769
R01279__mito	0.0	0.0	True	0.7006627173506691
R02326__mito	0.0	0.0	True	1.0
PHOA490__chlo	0.0	0.0	True	0.0019923005963295884
T_DAD5th__chlomem	0.0	0.0	True	-0.1843105111218155
RXN_14385__mito	0.0	0.0	True	1.0
BMGR6252__chlo	0.0	0.0	True	0.14254947060684392
R00549__chlo	0.0	0.0	True	0.9992748644580401
R09394__mito	0.0	0.0	True	0.004949375675200453
PSIICR__lum	0.0	0.0	True	1.0
R04953__cytop	0.0	0.0	True	0.28900603433407285
BMGR6318__er	0.0	0.0	True	0.05895745638418985
R07364__cytop	0.0	0.0	True	0.1412737071080811
BMGR6125__er	0.0	0.0	True	0.0721779598868252
R00710__cytop	0.0	0.0	True	0.9943627442106381
R02058__cytop	0.0	0.0	True	0.1327914814080596
R00531__mito	0.0	0.0	True	-0.2883575677355325
R00619__cytop	0.0	0.0	True	0.16409918125024237
R08192__cytop	0.0	0.0	True	1.0
BMGR6989__er	0.0	0.0	True	0.2098042735682723
T_OOAtx__permem	0.0	0.0	True	-0.36628467061888603
BMGR0063__er	0.0	0.0	True	-0.0758397393022199
BMGR5846__lip	0.0	0.0	True	0.027327299237979646
R01868__mito	0.0	0.0	True	0.14050677215133564
R00497__chlo	0.0	0.0	True	0.12576164811505317
BMGR1550__er	0.0	0.0	True	0.10090831197751379
BMGR4744__ermem	0.0	0.0	True	0.8163110306599062
BMGR0055__chlo	0.0	0.0	True	1.0
DGDGS_181_160__chlo	0.0	0.0	True	0.05249309301407721
T_BTNt__plas	0.0	0.0	True	0.11255743577762214
BMGR2000__er	0.0	0.0	True	-0.3092865100690915
SQDGS_161_180__chlo	0.0	0.0	True	0.0005503026664666104
T_CO2tx__permem	0.0	0.0	True	0.24344353332412697
R10089__cytop	0.0	0.0	True	0.1887794073077555
R05633__chlo	0.0	0.0	True	0.13975255926769775
R05070__chlo	0.0	0.0	True	-0.06278652549253683
DGDGS_205_160__chlo	0.0	0.0	True	0.13781653007877864
R02101__cytop	0.0	0.0	True	0.14323277648370203
T_PPAth__chlomem	0.0	0.0	True	-0.04103688001655574
R03443__chlo	0.0	0.0	True	0.1399656866915234
R01253__mito	0.0	0.0	True	0.39080726850437036
BMGR1228__ermem	0.0	0.0	True	-0.18789156600903148
R03650__cytop	0.0	0.0	True	0.138459252847763
R08178__cytop	0.0	0.0	True	1.0
R04566__cytop	0.0	0.0	True	0.2786776763414145
R04535__chlo	0.0	0.0	True	0.2173288645258762
BMGR6369__er	0.0	0.0	True	0.15396820817586482
R04537__chlo	0.0	0.0	True	0.21667161100187254
RXN_13001__er	0.0	0.0	True	0.1382037738580093
R07765__cytop	0.0	0.0	True	-0.043278728165714805
BMGR0393__er	0.0	0.0	True	-0.3849654302776089
R04958__chlo	0.0	0.0	True	0.03649371520259054
BMGR6676__chlo	0.0	0.0	True	1.0
T_CO2tr__ermem	0.0	0.0	True	0.12261548602883418
T_PC160183tg__golmem	0.0	0.0	True	-0.2236595680262378
T_TRPth__chlomem	0.0	0.0	True	0.1407027889216493
R12427__chlo	0.0	0.0	True	-0.18522790738250747
PEROX__pero	0.0	0.0	True	-0.06560667531936952
TZ2900026th__chlomem	0.0	0.0	True	-0.21505420371210154
BMGR4808__ermem	0.0	0.0	True	-1.4100323880997836
BMGR6408__er	0.0	0.0	True	0.09259065066862997
BMGR1306__er	0.0	0.0	True	0.6900456312320433
BMGR0172__er	0.0	0.0	True	1.0
R02095__cytop	0.0	0.0	True	-0.19826933222632412
BMGR6129__ermem	0.0	0.0	True	0.07030018749540608
OAADCO__mito	0.0	0.0	True	1.0
T_GLYCLTtx__permem	0.0	0.0	True	-0.34345693452539144
BMGR6363__er	0.0	0.0	True	0.20216389501101978
BMGR1862__er	0.0	0.0	True	-0.1780480010726834
EX_C14818__dra	0.0	0.0	True	0.14517057989417284
BMGR3296__lip	0.0	0.0	True	-0.27359966825134047
RXN_14389__chlo	0.0	0.0	True	0.016505061515094233
R01714__chlo	0.0	0.0	True	0.13996864820283858
T_ORNth__chlomem	0.0	0.0	True	0.1399656866915234
R00658__mito	0.0	0.0	True	-0.2254142901365516
BMGR6359__er	0.0	0.0	True	0.11371198385803816
DGTSS_161_161__er	0.0	0.0	True	0.11522090667459704
BMGR0260__ermem	0.0	0.0	True	-0.24739240271615534
R00885__cytop	0.0	0.0	True	0.1361787228388293
DM_C00422__lip	0.0	0.0	True	-0.40274018312851534
R05637__chlo	0.0	0.0	True	0.13975255926769775
BMGR6154__chlo	0.0	0.0	True	0.13984233520051567
R00014__mito	0.0	0.0	True	-0.2649792048430262
EX_C00120__dra	0.0	0.0	True	0.11255743577762214
R01699__chlo	0.0	0.0	True	0.02565827886731591
R00472__chlo	0.0	0.0	True	-0.4004428738067727
BMGR3302__lip	0.0	0.0	True	0.7018056100453374
BMGR6273__er	0.0	0.0	True	0.13076762159992325
R04969__chlo	0.0	0.0	True	0.32492111747221436
R01827__cytop	0.0	0.0	True	0.7504321629218058
R04209__cytop	0.0	0.0	True	0.1405546004154987
R02037__cytop	0.0	0.0	True	0.13954520476288712
T_3hbcoa__Rtm__mitmem	0.0	0.0	True	-1.0
BMGR3948__ermem	0.0	0.0	True	-0.22777339556305676
R02872__er	0.0	0.0	True	0.14026609178251226
BMGR3178__er	0.0	0.0	True	-0.27713359403467536
R07274__chlo	0.0	0.0	True	-0.22488940733238102
R07762__chlo	0.0	0.0	True	0.09090042490631588
e_Sterol__cytop	0.0	0.0	True	0.1303445516262267
BMGR1990__er	0.0	0.0	True	0.039978438792618115
BMGR6128__ermem	0.0	0.0	True	0.028437464574419674
TR2300023tm__mitmem	0.0	0.0	True	0.14307908387983237
T_PC161160tr__ermem	0.0	0.0	True	-1.0551274788269207
R06868__cytop	0.0	0.0	True	0.13954520476288712
TZ3101427t__plas	0.0	0.0	True	-0.2788980323261716
BMGR6945__lip	0.0	0.0	True	-0.22808493467846938
R00432__mito	0.0	0.0	True	-0.01874746627461578
BMGR0398__er	0.0	0.0	True	-0.3822553283380247
R04956__cytop	0.0	0.0	True	0.310588764628986
MGDGS_181_182__chlo	0.0	0.0	True	0.0
BMGR4829__chlomem	0.0	0.0	True	1.0768112247802917
R00405__mito	0.0	0.0	True	-0.04594822957504287
R12254__chlo	0.0	0.0	True	0.1961722488038277
RXN_11959__er	0.0	0.0	True	0.1452732714885769
BMGR0032__er	0.0	0.0	True	1.0
BMGR5848__lip	0.0	0.0	True	-0.28677108163074316
DGHSS_161_205__er	0.0	0.0	True	0.1302540759787615
BMGR3310__lip	0.0	0.0	True	0.5594088713256937
R02022__cytop	0.0	0.0	True	-1.0
EX_C00059__dra	0.0	0.0	True	0.140022022292634
R01829__cytop	0.0	0.0	True	0.7023144992776096
BMGR0050__er	0.0	0.0	True	1.0
T_FADtx__permem	0.0	0.0	True	0.37362623817366236
BMGR0200__er	0.0	0.0	True	0.9995133940866429
T_O2tr__ermem	0.0	0.0	True	0.052353396757062326
R02164__mito	0.0	0.0	True	-0.14795476901200155
RXN_14385__chlo	0.0	0.0	True	0.016505061515094233
DGDGS_160_161__chlo	0.0	0.0	True	0.1311833308824363
BMGR6142__ermem	0.0	0.0	True	0.06860378204432041
T_34HPPt2m__mitmem	0.0	0.0	True	0.05968720879753408
BMGR0195__chlo	0.0	0.0	True	-0.31924797580237024
BMGR5816__lip	0.0	0.0	True	-0.25474886667538366
T_ASPth__chlomem	0.0	0.0	True	0.11961605510914358
R00253__cytop	0.0	0.0	True	-0.4532584154466693
BMGR0040__chlo	0.0	0.0	True	1.0
BMGR2915__er	0.0	0.0	True	-0.275390278273346
T_PE205161__ermem	0.0	0.0	True	0.1579937757834555
R10092__cytop	0.0	0.0	True	0.22959896542165006
BMGR1539__er	0.0	0.0	True	0.0115314586283634
BMGR6174__er	0.0	0.0	True	0.11464080699994439
BMGR1695__er	0.0	0.0	True	-0.2251913672468414
DGHSS_182_205__er	0.0	0.0	True	0.19777214381250866
BMGR7093__chlo	0.0	0.0	True	0.0
R04747__mito	0.0	0.0	True	0.7006314950498016
BMGR6251__chlo	0.0	0.0	True	0.38581361858947144
BMGR0478__chlo	0.0	0.0	True	0.0
R00138__cytop	0.0	0.0	True	0.013993104846887143
BMGR0230__ermem	0.0	0.0	True	-0.22832083671847575
R00859__chlo	0.0	0.0	True	0.13951606505818615
R03658__cytop	0.0	0.0	True	0.13988672976679845
RXN_12968__er	0.0	0.0	True	-0.20015050690921873
R00734__mito	0.0	0.0	True	0.059669948229240696
BMGR0204__chlo	0.0	0.0	True	0.6516876579216071
T_SOXtm__mitmem	0.0	0.0	True	-0.034495977402286125
T_ABCFA162COAth__chlomem	0.0	0.0	True	0.07318523387803431
R04741__mito	0.0	0.0	True	0.7006627173506691
TZ2900065t__plas	0.0	0.0	True	-0.9914470371593492
R01224__cytop	0.0	0.0	True	-0.17864457465737424
R00316__cytop	0.0	0.0	True	0.09800435239453453
R00770__cytop	0.0	0.0	True	1.0
R03877__chlo	0.0	0.0	True	0.14240510762857164
BMGR0175__chlo	0.0	0.0	True	1.0
BMGR6364__er	0.0	0.0	True	0.009081735620585348
T_FA201COAtr__ermem	0.0	0.0	True	0.1577870829554444
TR2000136tm__mitmem	0.0	0.0	True	-0.7138374596830199
BMGR3293__lip	0.0	0.0	True	-0.39631444886695905
BMGR6097__er	0.0	0.0	True	-0.2887883876161705
T_CITtax__permem	0.0	0.0	True	1.0
R04780__chlo	0.0	0.0	True	0.27658864286024126
R02017__cytop	0.0	0.0	True	1.0
BMGR3353__chlo	0.0	0.0	True	0.9954105557218397
R08551__er	0.0	0.0	True	0.14017874083291865
R08174__cytop	0.0	0.0	True	1.0
T_H2Otm__mitmem	0.0	0.0	True	-0.016175191289411636
T_PE205180__ermem	0.0	0.0	True	0.007708973648410373
BMGR4796__ermem	0.0	0.0	True	-0.18500863542501295
R01049__chlo	0.0	0.0	True	0.1407027889216493
R09450__cytop	0.0	0.0	True	1.0
R08166__cytop	0.0	0.0	True	0.1961722488038277
R01171__mito	0.0	0.0	True	-0.35199345261165693
SOXu__lum	0.0	0.0	True	-0.07783312141967991
rxn10203__er	0.0	0.0	True	-0.2013771976832256
R01468__cytop	0.0	0.0	True	0.139773515285215
DGDGS_204_205__chlo	0.0	0.0	True	0.02231195849413449
BMGR1037__er	0.0	0.0	True	0.1496895838123706
T_H2Oth__chlomem	0.0	0.0	True	0.23243112730370427
T_BUTCOAtm__mitmem	0.0	0.0	True	0.13962918713406772
R01711__cytop	0.0	0.0	True	-0.29562008368745624
R01274__cytop	0.0	0.0	True	-0.40440580575659085
T_PC181161tg__golmem	0.0	0.0	True	-0.26335363350582336
BMGR0422__chlo	0.0	0.0	True	0.24957671362300593
BMGR4862__chlomem	0.0	0.0	True	0.2639924735826456
BMGR4910__chlomem	0.0	0.0	True	-0.4440903229076061
MGDGS_161_180__chlo	0.0	0.0	True	0.1300073450477428
BMGR0192__er	0.0	0.0	True	1.0
R00261__cytop	0.0	0.0	True	1.0
BMGR0004__er	0.0	0.0	True	0.0
BMGR3308__lip	0.0	0.0	True	-0.025257701846021705
TO0000971t__plas	0.0	0.0	True	-0.021473838986912634
R01063__chlo	0.0	0.0	True	-0.013481897471862314
T_CMPtm__mitmem	0.0	0.0	True	0.1110642916272065
R00236__mito	0.0	0.0	True	0.31896260984743546
T_PC203161tr__ermem	0.0	0.0	True	0.12402490839197004
BMGR6352__er	0.0	0.0	True	1.0
BMGR0393__chlo	0.0	0.0	True	1.0
T_ACth__chlomem	0.0	0.0	True	-0.38391446239633026
BMGR6126__er	0.0	0.0	True	0.0404380182073112
e_Biomass__cytop	0.0	0.0	True	0.1396607306400873
BMGR4867__chlomem	0.0	0.0	True	0.16373792621901537
R00926__chlo	0.0	0.0	True	-0.04103688001655574
R08190__cytop	0.0	0.0	True	1.0
BMGR1222__ermem	0.0	0.0	True	-0.2777180987589345
BMGR0033__er	0.0	0.0	True	-0.38010453987600923
BMGR0163__chlo	0.0	0.0	True	1.0
R01975__mito	0.0	0.0	True	0.06222287527481594
R01395__cytop	0.0	0.0	True	0.1394039434388721
MGDGS_163_163__chlo	0.0	0.0	True	0.05741778576715659
R01214__chlo	0.0	0.0	True	0.09529395154315416
R01975__pero	0.0	0.0	True	1.0
BMGR4897__chlomem	0.0	0.0	True	-1.0026774597455634
BMGR4916__chlomem	0.0	0.0	True	-1.2290343728107533
T_LIPOth__chlomem	0.0	0.0	True	-0.18522790738250747
R12401__er	0.0	0.0	True	0.13628472770199043
R08163__chlo	0.0	0.0	True	-0.1330323935920082
PHOA437__chlo	0.0	0.0	True	0.001992300992674671
FACOAL183__cytop	0.0	0.0	True	0.22766980183326424
DGDGS_182_160__chlo	0.0	0.0	True	0.12940751281877544
R01752__cytop	0.0	0.0	True	1.0
R01041__cytop	0.0	0.0	True	1.0
R00328__cytop	0.0	0.0	True	-0.26715097725497755
R00221__cytop	0.0	0.0	True	1.0
T_PC140140tr__ermem	0.0	0.0	True	-1.1148830288397464
R00985__chlo	0.0	0.0	True	0.1407027889216493
R03469__cytop	0.0	0.0	True	-0.29295273750792
R02740__chlo	0.0	0.0	True	0.1399371666633735
